-- MySQL dump 10.13  Distrib 8.0.28, for macos12.2 (x86_64)
--
-- Host: localhost    Database: thesystem_db
-- ------------------------------------------------------
-- Server version	8.0.28

/*!40101 SET @OLD_CHARACTER_SET_CLIENT=@@CHARACTER_SET_CLIENT */;
/*!40101 SET @OLD_CHARACTER_SET_RESULTS=@@CHARACTER_SET_RESULTS */;
/*!40101 SET @OLD_COLLATION_CONNECTION=@@COLLATION_CONNECTION */;
/*!50503 SET NAMES utf8mb4 */;
/*!40103 SET @OLD_TIME_ZONE=@@TIME_ZONE */;
/*!40103 SET TIME_ZONE='+00:00' */;
/*!40014 SET @OLD_UNIQUE_CHECKS=@@UNIQUE_CHECKS, UNIQUE_CHECKS=0 */;
/*!40014 SET @OLD_FOREIGN_KEY_CHECKS=@@FOREIGN_KEY_CHECKS, FOREIGN_KEY_CHECKS=0 */;
/*!40101 SET @OLD_SQL_MODE=@@SQL_MODE, SQL_MODE='NO_AUTO_VALUE_ON_ZERO' */;
/*!40111 SET @OLD_SQL_NOTES=@@SQL_NOTES, SQL_NOTES=0 */;

--
-- Temporary view structure for view `accounts`
--

DROP TABLE IF EXISTS `accounts`;
/*!50001 DROP VIEW IF EXISTS `accounts`*/;
SET @saved_cs_client     = @@character_set_client;
/*!50503 SET character_set_client = utf8mb4 */;
/*!50001 CREATE VIEW `accounts` AS SELECT 
 1 AS `accountNumber`,
 1 AS `accountName`,
 1 AS `openDate`,
 1 AS `debtorAge`,
 1 AS `paymentTermDays`,
 1 AS `creditLimit`,
 1 AS `totalBalance`,
 1 AS `amountDue`,
 1 AS `currentBalance`,
 1 AS `days30`,
 1 AS `days60`,
 1 AS `days90`,
 1 AS `days120`,
 1 AS `days150`,
 1 AS `days180`,
 1 AS `days180Over`,
 1 AS `paymentMethod`,
 1 AS `paymentDueDate`,
 1 AS `debitOrderDate`,
 1 AS `lastPaymentDate`,
 1 AS `lastPaymentAmount`,
 1 AS `lastPTPDate`,
 1 AS `lastPTPAmount`,
 1 AS `accountNotes`,
 1 AS `accountStatus`,
 1 AS `arg`,
 1 AS `createdBy`,
 1 AS `updatedBy`,
 1 AS `createdAt`,
 1 AS `updatedAt`,
 1 AS `f_customerRefNo`*/;
SET character_set_client = @saved_cs_client;

--
-- Temporary view structure for view `cases`
--

DROP TABLE IF EXISTS `cases`;
/*!50001 DROP VIEW IF EXISTS `cases`*/;
SET @saved_cs_client     = @@character_set_client;
/*!50503 SET character_set_client = utf8mb4 */;
/*!50001 CREATE VIEW `cases` AS SELECT 
 1 AS `caseNumber`,
 1 AS `currentAssignment`,
 1 AS `initialAssignment`,
 1 AS `caseNotes`,
 1 AS `kamNotes`,
 1 AS `currentStatus`,
 1 AS `pendReason`,
 1 AS `resolution`,
 1 AS `caseReason`,
 1 AS `createdBy`,
 1 AS `lockedDatetime`,
 1 AS `reopenedDate`,
 1 AS `reopenedBy`,
 1 AS `nextVisitDateTime`,
 1 AS `reassignedDate`,
 1 AS `reassignedBy`,
 1 AS `updatedBy`,
 1 AS `f_accountNumber`,
 1 AS `createdAt`,
 1 AS `updatedAt`*/;
SET character_set_client = @saved_cs_client;

--
-- Temporary view structure for view `contacts`
--

DROP TABLE IF EXISTS `contacts`;
/*!50001 DROP VIEW IF EXISTS `contacts`*/;
SET @saved_cs_client     = @@character_set_client;
/*!50503 SET character_set_client = utf8mb4 */;
/*!50001 CREATE VIEW `contacts` AS SELECT 
 1 AS `id`,
 1 AS `primaryContactName`,
 1 AS `primaryContactNumber`,
 1 AS `primaryContactEmail`,
 1 AS `representativeName`,
 1 AS `representativeNumber`,
 1 AS `representativeEmail`,
 1 AS `alternativeRepName`,
 1 AS `alternativeRepNumber`,
 1 AS `alternativeRepEmail`,
 1 AS `otherNumber1`,
 1 AS `otherNumber2`,
 1 AS `otherNumber3`,
 1 AS `otherNumber4`,
 1 AS `otherNumber5`,
 1 AS `otherNumber6`,
 1 AS `otherNumber7`,
 1 AS `otherNumber8`,
 1 AS `otherNumber9`,
 1 AS `otherNumber10`,
 1 AS `otherEmail1`,
 1 AS `otherEmail2`,
 1 AS `otherEmail3`,
 1 AS `otherEmail4`,
 1 AS `otherEmail5`,
 1 AS `otherEmail6`,
 1 AS `otherEmail7`,
 1 AS `otherEmail8`,
 1 AS `otherEmail9`,
 1 AS `otherEmail10`,
 1 AS `dnc1`,
 1 AS `dnc2`,
 1 AS `dnc3`,
 1 AS `dnc4`,
 1 AS `dnc5`,
 1 AS `updatedBy`,
 1 AS `f_accountNumber`,
 1 AS `createdAt`,
 1 AS `updatedAt`*/;
SET character_set_client = @saved_cs_client;

--
-- Temporary view structure for view `customers`
--

DROP TABLE IF EXISTS `customers`;
/*!50001 DROP VIEW IF EXISTS `customers`*/;
SET @saved_cs_client     = @@character_set_client;
/*!50503 SET character_set_client = utf8mb4 */;
/*!50001 CREATE VIEW `customers` AS SELECT 
 1 AS `operatorShortCode`,
 1 AS `customerRefNo`,
 1 AS `customerName`,
 1 AS `customerEntity`,
 1 AS `regIdNumber`,
 1 AS `customerType`,
 1 AS `productType`,
 1 AS `address1`,
 1 AS `address2`,
 1 AS `address3`,
 1 AS `address4`,
 1 AS `address5`,
 1 AS `createdBy`,
 1 AS `updatedBy`,
 1 AS `closedDate`,
 1 AS `closedBy`,
 1 AS `regIdStatus`,
 1 AS `f_clientId`,
 1 AS `createdAt`,
 1 AS `updatedAt`*/;
SET character_set_client = @saved_cs_client;

--
-- Table structure for table `invoices`
--

DROP TABLE IF EXISTS `invoices`;
/*!40101 SET @saved_cs_client     = @@character_set_client */;
/*!50503 SET character_set_client = utf8mb4 */;
CREATE TABLE `invoices` (
  `id` int NOT NULL AUTO_INCREMENT,
  `invoiceToken` varchar(255) DEFAULT NULL,
  `viewed` datetime DEFAULT NULL,
  `invoiceLocation` varchar(255) DEFAULT NULL,
  `totalBalance` decimal(10,2) DEFAULT NULL,
  `datePaid` datetime DEFAULT NULL,
  `created` datetime NOT NULL,
  `updated` datetime DEFAULT NULL,
  `f_customerRefNo` varchar(255) DEFAULT NULL,
  PRIMARY KEY (`id`),
  KEY `f_customerRefNo` (`f_customerRefNo`),
  CONSTRAINT `invoices_ibfk_1` FOREIGN KEY (`f_customerRefNo`) REFERENCES `tbl_customers` (`customerRefNo`) ON DELETE CASCADE ON UPDATE CASCADE
) ENGINE=InnoDB DEFAULT CHARSET=utf8mb4 COLLATE=utf8mb4_0900_ai_ci;
/*!40101 SET character_set_client = @saved_cs_client */;

--
-- Dumping data for table `invoices`
--

LOCK TABLES `invoices` WRITE;
/*!40000 ALTER TABLE `invoices` DISABLE KEYS */;
/*!40000 ALTER TABLE `invoices` ENABLE KEYS */;
UNLOCK TABLES;

--
-- Temporary view structure for view `outcomes`
--

DROP TABLE IF EXISTS `outcomes`;
/*!50001 DROP VIEW IF EXISTS `outcomes`*/;
SET @saved_cs_client     = @@character_set_client;
/*!50503 SET character_set_client = utf8mb4 */;
/*!50001 CREATE VIEW `outcomes` AS SELECT 
 1 AS `id`,
 1 AS `outcomeStatus`,
 1 AS `transactionType`,
 1 AS `numberCalled`,
 1 AS `emailUsed`,
 1 AS `contactPerson`,
 1 AS `outcomeResolution`,
 1 AS `ptpDate`,
 1 AS `ptpAmount`,
 1 AS `debitResubmissionDate`,
 1 AS `debitResubmissionAmount`,
 1 AS `outcomeNotes`,
 1 AS `nextSteps`,
 1 AS `createdBy`,
 1 AS `f_caseNumber`,
 1 AS `createdAt`,
 1 AS `updatedAt`*/;
SET character_set_client = @saved_cs_client;

--
-- Table structure for table `refreshTokens`
--

DROP TABLE IF EXISTS `refreshTokens`;
/*!40101 SET @saved_cs_client     = @@character_set_client */;
/*!50503 SET character_set_client = utf8mb4 */;
CREATE TABLE `refreshTokens` (
  `id` int NOT NULL AUTO_INCREMENT,
  `token` varchar(255) DEFAULT NULL,
  `expires` datetime DEFAULT NULL,
  `created` datetime NOT NULL,
  `createdByIp` varchar(255) DEFAULT NULL,
  `revoked` datetime DEFAULT NULL,
  `revokedByIp` varchar(255) DEFAULT NULL,
  `replacedByToken` varchar(255) DEFAULT NULL,
  `userId` int DEFAULT NULL,
  PRIMARY KEY (`id`),
  KEY `userId` (`userId`),
  CONSTRAINT `refreshTokens_ibfk_1` FOREIGN KEY (`userId`) REFERENCES `users` (`id`) ON DELETE CASCADE ON UPDATE CASCADE
) ENGINE=InnoDB AUTO_INCREMENT=117 DEFAULT CHARSET=utf8mb4 COLLATE=utf8mb4_0900_ai_ci;
/*!40101 SET character_set_client = @saved_cs_client */;

--
-- Dumping data for table `refreshTokens`
--

LOCK TABLES `refreshTokens` WRITE;
/*!40000 ALTER TABLE `refreshTokens` DISABLE KEYS */;
INSERT INTO `refreshTokens` VALUES (1,'cb04658ff6b30c98fdf06e11a2353acaedaf46fde0a4b22ba35d1ecfc97d6041c4993c7944b8d41e','2022-04-27 03:57:43','2022-04-20 03:57:43','::1','2022-04-20 04:32:56','::1','51b2077f784000ad6ea3da15cdf29d5ab035a5108c4d7b98ecc347d1ed482df8f79363e87ac608dc',1),(2,'51b2077f784000ad6ea3da15cdf29d5ab035a5108c4d7b98ecc347d1ed482df8f79363e87ac608dc','2022-04-27 04:32:56','2022-04-20 04:32:56','::1','2022-04-20 04:46:56','::1','788e6b6757b3256e09c05e9f3a920e574a4c70ff5d67fd8eade929622b86402b082c9caf9dc66691',1),(3,'788e6b6757b3256e09c05e9f3a920e574a4c70ff5d67fd8eade929622b86402b082c9caf9dc66691','2022-04-27 04:46:56','2022-04-20 04:46:56','::1','2022-04-20 05:00:56','::1','b4d1cdcaf4b33a60eebf29624702b7fe81da65c37c5a1f0d5858f4bf27b5a2a9869523d22de10704',1),(4,'b4d1cdcaf4b33a60eebf29624702b7fe81da65c37c5a1f0d5858f4bf27b5a2a9869523d22de10704','2022-04-27 05:00:56','2022-04-20 05:00:56','::1','2022-04-20 05:03:35','::1','26d31ae38fac9df2ed14096e4b86f058642cd14600a1a4e1562f3cf52acbe68b6916d72b79dbf14d',1),(5,'26d31ae38fac9df2ed14096e4b86f058642cd14600a1a4e1562f3cf52acbe68b6916d72b79dbf14d','2022-04-27 05:03:35','2022-04-20 05:03:35','::1','2022-04-20 05:06:35','::1','0eebe7e347ec65eda496977bfe9eb33615f92e95347c6f7fe7bfb82724586f7510614cf9c803cdd2',1),(6,'0eebe7e347ec65eda496977bfe9eb33615f92e95347c6f7fe7bfb82724586f7510614cf9c803cdd2','2022-04-27 05:06:35','2022-04-20 05:06:35','::1','2022-04-20 05:07:27','::1','b650d9a4a7bbc8f43eedd3f2cef0b7d74fb8b2fb22eb1648bf2201f50a2d2aa24ee2889e043a9c38',1),(7,'b650d9a4a7bbc8f43eedd3f2cef0b7d74fb8b2fb22eb1648bf2201f50a2d2aa24ee2889e043a9c38','2022-04-27 05:07:27','2022-04-20 05:07:27','::1','2022-04-20 05:23:30','::1','54c148e8d5ca8b516a80e27e309972c67c3caccaf706a4f0df2ed05a138a73fd365ac187e6f578b0',1),(8,'54c148e8d5ca8b516a80e27e309972c67c3caccaf706a4f0df2ed05a138a73fd365ac187e6f578b0','2022-04-27 05:23:30','2022-04-20 05:23:30','::1','2022-04-20 05:24:26','::1','71d4666c0f45bcf5a684f299766e6370aa5d13724f9d9790f3e583ec75d8c45aaf370d0e5ca42de2',1),(9,'71d4666c0f45bcf5a684f299766e6370aa5d13724f9d9790f3e583ec75d8c45aaf370d0e5ca42de2','2022-04-27 05:24:26','2022-04-20 05:24:26','::1','2022-04-20 05:26:03','::1','5f85645ab613f37d24a44719dab07201bf8cfe5b3ac730aa16c558999a1eb1cc44d74f4a1b2dde9f',1),(10,'5f85645ab613f37d24a44719dab07201bf8cfe5b3ac730aa16c558999a1eb1cc44d74f4a1b2dde9f','2022-04-27 05:26:03','2022-04-20 05:26:03','::1','2022-04-20 05:29:18','::1','29dac3ed796b878259f2e52474d151dbc81098bf222fd2db4dfb7dd797647c9e54775e010e85dcd9',1),(11,'29dac3ed796b878259f2e52474d151dbc81098bf222fd2db4dfb7dd797647c9e54775e010e85dcd9','2022-04-27 05:29:18','2022-04-20 05:29:18','::1','2022-04-20 05:42:23','::1','ede101c947c7d21aaef91b35e4ad318ab73a37e031d66c904badf03301b69d84f7a8607b98224b28',1),(12,'ede101c947c7d21aaef91b35e4ad318ab73a37e031d66c904badf03301b69d84f7a8607b98224b28','2022-04-27 05:42:23','2022-04-20 05:42:23','::1','2022-04-20 05:50:26','::1','d83e3249a4c8cf53b3b098b38db86e3f3a2657b21ffe9873745ac9c7b0dd4e9c17713fb60962affb',1),(13,'d83e3249a4c8cf53b3b098b38db86e3f3a2657b21ffe9873745ac9c7b0dd4e9c17713fb60962affb','2022-04-27 05:50:26','2022-04-20 05:50:26','::1','2022-04-20 06:34:20','::1','2979e20be78f332d3d3e2e095939cec3cdd0bf065397c4904fbb186bd77e0f3b1bc797edde1088fa',1),(14,'2979e20be78f332d3d3e2e095939cec3cdd0bf065397c4904fbb186bd77e0f3b1bc797edde1088fa','2022-04-27 06:34:20','2022-04-20 06:34:20','::1','2022-04-20 07:39:25','::1','8678cc0d1d24d3c07dce3e9e963a55d2788fe961eab2c6cd972e4967358cf2d0e131a0db5e4dd21d',1),(15,'8678cc0d1d24d3c07dce3e9e963a55d2788fe961eab2c6cd972e4967358cf2d0e131a0db5e4dd21d','2022-04-27 07:39:25','2022-04-20 07:39:25','::1','2022-04-20 09:05:24','::1','f560bcaf3c30e2fe87c6e2d3b9817b3a4524e118cca316616a651ce1ed52ba9f6f5bea67ea1195d9',1),(16,'f560bcaf3c30e2fe87c6e2d3b9817b3a4524e118cca316616a651ce1ed52ba9f6f5bea67ea1195d9','2022-04-27 09:05:24','2022-04-20 09:05:24','::1','2022-04-20 09:12:45','::1','84dd005e81f94d380717ac68ea6b93d7c8acc8b034ce62083a49cf56a001ca2f3db0b0b2df93b23b',1),(17,'84dd005e81f94d380717ac68ea6b93d7c8acc8b034ce62083a49cf56a001ca2f3db0b0b2df93b23b','2022-04-27 09:12:45','2022-04-20 09:12:45','::1','2022-04-20 09:13:09','::1','ac4188c8e75a46ad6992f2911c0d32f234792dd370dc0c27098bbeebcd4c840918c6c2e5fba997c9',1),(18,'ac4188c8e75a46ad6992f2911c0d32f234792dd370dc0c27098bbeebcd4c840918c6c2e5fba997c9','2022-04-27 09:13:09','2022-04-20 09:13:09','::1','2022-04-21 05:18:28','::1','b94df687b7554ddfb66351a27ce175d7bbb7c2baf62a7e5f0a045f217e4adb6a13a1f0665def775e',1),(19,'b94df687b7554ddfb66351a27ce175d7bbb7c2baf62a7e5f0a045f217e4adb6a13a1f0665def775e','2022-04-28 05:18:28','2022-04-21 05:18:28','::1','2022-04-21 05:27:54','::1','4fbcaa778d8301b83d16ab7690adeecd0322a18c23ca4ea71fd05a1e9f6e0bcd4ad37f57a68b8a80',1),(20,'4fbcaa778d8301b83d16ab7690adeecd0322a18c23ca4ea71fd05a1e9f6e0bcd4ad37f57a68b8a80','2022-04-28 05:27:54','2022-04-21 05:27:54','::1',NULL,NULL,NULL,1),(21,'8a2e50d037382c06efdfe6c52e5aac59b40489e6a0c7f1610a27c8c75fb13e0da14ad5f805e396a5','2022-04-28 05:28:07','2022-04-21 05:28:07','::1','2022-04-21 05:28:54','::1','5850e9edfc3d9079576a1b48066627ac73f11565e611dc2ca48e261d6e630641d2b6c88e5c7cbbd0',1),(22,'5850e9edfc3d9079576a1b48066627ac73f11565e611dc2ca48e261d6e630641d2b6c88e5c7cbbd0','2022-04-28 05:28:54','2022-04-21 05:28:54','::1','2022-04-21 05:29:59','::1','e84b0d68400286f37bba6054ef90d5ab58ce856dca5660bd52aa4895b33758e69a33d1338740c256',1),(23,'e84b0d68400286f37bba6054ef90d5ab58ce856dca5660bd52aa4895b33758e69a33d1338740c256','2022-04-28 05:29:59','2022-04-21 05:29:59','::1','2022-04-21 05:32:51','::1','c46e26c249d93b57619c1b191ca0d20ad0f843cbb75eafefe20585e687152709e313d5b42f3dd58e',1),(24,'c46e26c249d93b57619c1b191ca0d20ad0f843cbb75eafefe20585e687152709e313d5b42f3dd58e','2022-04-28 05:32:51','2022-04-21 05:32:51','::1','2022-04-21 05:33:22','::1','55c3cd65f22a541224d0704ac93ab11aad5d4cb6c33037d9ff8ffb62320d5ae846c05954a4a66141',1),(25,'55c3cd65f22a541224d0704ac93ab11aad5d4cb6c33037d9ff8ffb62320d5ae846c05954a4a66141','2022-04-28 05:33:22','2022-04-21 05:33:22','::1','2022-04-21 05:37:47','::1','e49bf0345afdc0b7728a44af796434f2e3d6065d638d5a0a9bfd77da6bc308d8a5c7ed1cabd4ce0a',1),(26,'e49bf0345afdc0b7728a44af796434f2e3d6065d638d5a0a9bfd77da6bc308d8a5c7ed1cabd4ce0a','2022-04-28 05:37:47','2022-04-21 05:37:47','::1','2022-04-21 05:42:20','::1','a01b87195948c4f77a2c56d11f6ffb06833108a61ad1bb2da90b1133252b13d60484052f976d8ca5',1),(27,'a01b87195948c4f77a2c56d11f6ffb06833108a61ad1bb2da90b1133252b13d60484052f976d8ca5','2022-04-28 05:42:20','2022-04-21 05:42:20','::1','2022-04-21 05:56:20','::1','6ededa6a3975761d64ee07e3872e2fa32b4c1176b918930a4f2568ccab0188c495bfeff19edb7d52',1),(28,'6ededa6a3975761d64ee07e3872e2fa32b4c1176b918930a4f2568ccab0188c495bfeff19edb7d52','2022-04-28 05:56:20','2022-04-21 05:56:20','::1','2022-04-21 06:05:34','::1','1673da47661831996f4038a6a64ed9e37b9c55d1f0c6ab31b2222327a3265d92403970ae7d552bec',1),(29,'1673da47661831996f4038a6a64ed9e37b9c55d1f0c6ab31b2222327a3265d92403970ae7d552bec','2022-04-28 06:05:34','2022-04-21 06:05:34','::1','2022-04-21 06:19:34','::1','ce9256dedab94f9c9222defe2c23cf5bdcda25216e9bf50e0fdf666a9881958993994ccdd4bb0b76',1),(30,'ce9256dedab94f9c9222defe2c23cf5bdcda25216e9bf50e0fdf666a9881958993994ccdd4bb0b76','2022-04-28 06:19:34','2022-04-21 06:19:34','::1','2022-04-21 06:35:49','::1','0b21c1a76c1c99d14ccecf4165d1a9ce82ddb6e33ec7a0bbe95b51879bac278152b31c6c7bcdd9e4',1),(31,'0b21c1a76c1c99d14ccecf4165d1a9ce82ddb6e33ec7a0bbe95b51879bac278152b31c6c7bcdd9e4','2022-04-28 06:35:49','2022-04-21 06:35:49','::1','2022-04-21 06:36:25','::1','a62019fa161dcd79bae3730191150ae22db7e632c65b0f8db2b036f12e95cd5349da681b92c55a69',1),(32,'a62019fa161dcd79bae3730191150ae22db7e632c65b0f8db2b036f12e95cd5349da681b92c55a69','2022-04-28 06:36:25','2022-04-21 06:36:25','::1','2022-04-21 06:40:14','::1','82660f10196d544628c1766efdd129f1c3c5eec7866445eecd64d24a0eee9b7383c8ccf0b1aa16bb',1),(33,'82660f10196d544628c1766efdd129f1c3c5eec7866445eecd64d24a0eee9b7383c8ccf0b1aa16bb','2022-04-28 06:40:14','2022-04-21 06:40:14','::1','2022-04-21 07:55:47','::1','0a21832a5c6387592af829ff120ec3d31f63e7dbc901095321dfa9d7f20aee7a28abe56cda032783',1),(34,'0a21832a5c6387592af829ff120ec3d31f63e7dbc901095321dfa9d7f20aee7a28abe56cda032783','2022-04-28 07:55:47','2022-04-21 07:55:47','::1','2022-04-21 08:09:47','::1','aafed01f907eb932f19d225acf3dcfda54fd07c7194b934578a1cf14b693944a636516107c71ddb5',1),(35,'aafed01f907eb932f19d225acf3dcfda54fd07c7194b934578a1cf14b693944a636516107c71ddb5','2022-04-28 08:09:47','2022-04-21 08:09:47','::1','2022-04-21 08:18:39','::1','ea7e24f324d40b5fa59bdf74f0ca9bb4f90f910b507a93c6ef696440b12fde77211af65c72cd15b5',1),(36,'ea7e24f324d40b5fa59bdf74f0ca9bb4f90f910b507a93c6ef696440b12fde77211af65c72cd15b5','2022-04-28 08:18:39','2022-04-21 08:18:39','::1','2022-04-21 10:15:52','::1','ab28f7e174e570e1a880489e1ed6583cf08b754369c6fe0b9794b799b763e485386c3eca1013ff40',1),(37,'ab28f7e174e570e1a880489e1ed6583cf08b754369c6fe0b9794b799b763e485386c3eca1013ff40','2022-04-28 10:15:52','2022-04-21 10:15:52','::1','2022-04-21 10:29:51','::1','032cc0586722e53955bebee1078e2f43516db320771a1af18c0d45cdd247b8f91ad43b5e99f8f129',1),(38,'032cc0586722e53955bebee1078e2f43516db320771a1af18c0d45cdd247b8f91ad43b5e99f8f129','2022-04-28 10:29:51','2022-04-21 10:29:51','::1','2022-04-21 10:43:51','::1','a8fc8235a3bd3870ed8dfe93215c75c574a02729b31ccba5e3109f57e62cc5bdf0e8d6a96cbb21e8',1),(39,'a8fc8235a3bd3870ed8dfe93215c75c574a02729b31ccba5e3109f57e62cc5bdf0e8d6a96cbb21e8','2022-04-28 10:43:51','2022-04-21 10:43:51','::1','2022-04-21 10:44:29','::1','f165fcbd1c3949c96db4d8c6136fd96f6adb7d6c04e4d4941e8606ad1a28ca9ac5f9c2dd91679bf8',1),(40,'f165fcbd1c3949c96db4d8c6136fd96f6adb7d6c04e4d4941e8606ad1a28ca9ac5f9c2dd91679bf8','2022-04-28 10:44:29','2022-04-21 10:44:29','::1','2022-04-21 22:57:22','::1','a697692e4a56a2e6ea3366673418009ef79a6367e00e9f3d1098b744a18464bd2fb01e6f421091d9',1),(41,'a697692e4a56a2e6ea3366673418009ef79a6367e00e9f3d1098b744a18464bd2fb01e6f421091d9','2022-04-28 22:57:22','2022-04-21 22:57:22','::1','2022-04-21 23:11:22','::1','b888d7300a96f63906e95feb00494114dd44f04e218025d7880f190b31e42967e04b4d2aa5bb7e81',1),(42,'b888d7300a96f63906e95feb00494114dd44f04e218025d7880f190b31e42967e04b4d2aa5bb7e81','2022-04-28 23:11:22','2022-04-21 23:11:22','::1','2022-04-21 23:25:22','::1','3f11d9682889d5fdec5b8bfa1ad56ad66a24e09d3da4d9aea47f0c6bd313f11b8bd9537776f5f8a0',1),(43,'3f11d9682889d5fdec5b8bfa1ad56ad66a24e09d3da4d9aea47f0c6bd313f11b8bd9537776f5f8a0','2022-04-28 23:25:22','2022-04-21 23:25:22','::1','2022-04-21 23:39:22','::1','966e7fa7ac750864f16355c0f9b1110d29769db594ba4a534db502c0558d783e98755e413f185852',1),(44,'966e7fa7ac750864f16355c0f9b1110d29769db594ba4a534db502c0558d783e98755e413f185852','2022-04-28 23:39:22','2022-04-21 23:39:22','::1','2022-04-21 23:53:21','::1','37521141612f98b5c5e2260c269540aadc9f4af2f4ae5b259faac028b28cf109e41b0ddff50156d2',1),(45,'37521141612f98b5c5e2260c269540aadc9f4af2f4ae5b259faac028b28cf109e41b0ddff50156d2','2022-04-28 23:53:21','2022-04-21 23:53:21','::1','2022-04-22 00:07:22','::1','c670636ef1aafb2919a54a2504c26af2e6e1d5dc9cd124b404a920d28decffea425172dd64f3e6d1',1),(46,'c670636ef1aafb2919a54a2504c26af2e6e1d5dc9cd124b404a920d28decffea425172dd64f3e6d1','2022-04-29 00:07:22','2022-04-22 00:07:22','::1','2022-04-22 00:21:22','::1','2dd8dfbd5650404765ba2b992be334c10db4b717daf1669acbb0502549e727c5d413fb2ec7cec734',1),(47,'2dd8dfbd5650404765ba2b992be334c10db4b717daf1669acbb0502549e727c5d413fb2ec7cec734','2022-04-29 00:21:22','2022-04-22 00:21:22','::1','2022-04-22 00:35:24','::1','d40d94892d74e1352cafa9b0448a6e603e4e3ef61e2617b1a90c015c097f2ca9eda2483d15524b72',1),(48,'d40d94892d74e1352cafa9b0448a6e603e4e3ef61e2617b1a90c015c097f2ca9eda2483d15524b72','2022-04-29 00:35:24','2022-04-22 00:35:24','::1','2022-04-22 01:07:46','::1','b3b77c0816166dd593a10e33d5d46c0e506d03518190e83b311eb042bce23aea696b27836bb69b95',1),(49,'b3b77c0816166dd593a10e33d5d46c0e506d03518190e83b311eb042bce23aea696b27836bb69b95','2022-04-29 01:07:46','2022-04-22 01:07:46','::1','2022-04-22 01:13:00','::1','5b1859345018cce8c2e8fba6950c6aae8b2d5d1cd00a8d10726da849d7259a69abeaf061ca68d8fb',1),(50,'5b1859345018cce8c2e8fba6950c6aae8b2d5d1cd00a8d10726da849d7259a69abeaf061ca68d8fb','2022-04-29 01:13:00','2022-04-22 01:13:00','::1','2022-04-22 01:27:00','::1','ec0306d556090f0440d7479fe6e65898c1c2a1a271159eb9d309f09a06eabda17b3ea5a363d7b18d',1),(51,'ec0306d556090f0440d7479fe6e65898c1c2a1a271159eb9d309f09a06eabda17b3ea5a363d7b18d','2022-04-29 01:27:00','2022-04-22 01:27:00','::1','2022-04-22 01:41:00','::1','c203310e65abab7e4de8798681de54af671a495114c3bc41bdf66d1195b35c0d4a9653ec5bdb1d3b',1),(52,'c203310e65abab7e4de8798681de54af671a495114c3bc41bdf66d1195b35c0d4a9653ec5bdb1d3b','2022-04-29 01:41:00','2022-04-22 01:41:00','::1','2022-04-22 02:21:04','::1','17666292f8b7021f002f7c71e14cb33a97e6ddf228e779221ffabca9dbb58d69773713e74d5954c1',1),(53,'17666292f8b7021f002f7c71e14cb33a97e6ddf228e779221ffabca9dbb58d69773713e74d5954c1','2022-04-29 02:21:04','2022-04-22 02:21:04','::1','2022-04-22 02:35:05','::1','d94cc100aa8fd58e94d218cc8f9fbe12a8e5cdd9a817cf0a6f0d357a3869e0389716f043500f1ff0',1),(54,'d94cc100aa8fd58e94d218cc8f9fbe12a8e5cdd9a817cf0a6f0d357a3869e0389716f043500f1ff0','2022-04-29 02:35:05','2022-04-22 02:35:05','::1','2022-04-22 02:49:12','::1','6faeb77d17c8f52bbf7820da0fafd9e23c0899c011993804645f949abad10b89c4e230b312e254a2',1),(55,'6faeb77d17c8f52bbf7820da0fafd9e23c0899c011993804645f949abad10b89c4e230b312e254a2','2022-04-29 02:49:12','2022-04-22 02:49:12','::1','2022-04-22 03:03:13','::1','8daa54cb7fe600de8d0a1c9930d804c81783a2e3002423c9071f0609ef4f39048e6bbb4650c85777',1),(56,'8daa54cb7fe600de8d0a1c9930d804c81783a2e3002423c9071f0609ef4f39048e6bbb4650c85777','2022-04-29 03:03:13','2022-04-22 03:03:13','::1','2022-04-22 03:17:15','::1','0ed26d68317600889bb18297f8465aaec0f0dba0badf292bdb8a83ef09cb48548ed7d243edf09705',1),(57,'0ed26d68317600889bb18297f8465aaec0f0dba0badf292bdb8a83ef09cb48548ed7d243edf09705','2022-04-29 03:17:15','2022-04-22 03:17:15','::1','2022-04-22 03:31:15','::1','a6970fd97be5c00f2e60e841859b24e906c314c2f7be8349a40360d0436fd352dd8caca751dc08d2',1),(58,'a6970fd97be5c00f2e60e841859b24e906c314c2f7be8349a40360d0436fd352dd8caca751dc08d2','2022-04-29 03:31:15','2022-04-22 03:31:15','::1','2022-04-22 04:03:46','::1','3184ea9b0ca04def9db160659ef72f49486b958145aeb014fbd7a57e5dbc11f6c20c55acfd192241',1),(59,'3184ea9b0ca04def9db160659ef72f49486b958145aeb014fbd7a57e5dbc11f6c20c55acfd192241','2022-04-29 04:03:46','2022-04-22 04:03:46','::1','2022-04-22 04:46:51','::1','0c6f2ee4c8b89dd03b0fce51c97b9d96213b6677e858a93552345f2bdaac9a9c8deb3fe76322ad98',1),(60,'0c6f2ee4c8b89dd03b0fce51c97b9d96213b6677e858a93552345f2bdaac9a9c8deb3fe76322ad98','2022-04-29 04:46:51','2022-04-22 04:46:51','::1','2022-04-22 05:05:06','::1','ad32ce91a9e4951f2b96ef48fc0d31f8a0fd1eb369bd148367b65afdedc1af2a25ac949266313d79',1),(61,'ad32ce91a9e4951f2b96ef48fc0d31f8a0fd1eb369bd148367b65afdedc1af2a25ac949266313d79','2022-04-29 05:05:06','2022-04-22 05:05:06','::1','2022-04-22 05:19:05','::1','df3b6ac009ce61ac387a593bd396c90286210d61dc28254de53a5f09947a2547af288e234f96cdb1',1),(62,'df3b6ac009ce61ac387a593bd396c90286210d61dc28254de53a5f09947a2547af288e234f96cdb1','2022-04-29 05:19:05','2022-04-22 05:19:05','::1','2022-04-22 05:33:06','::1','64bedc4b36608a8bacc7dc016a1aa710620f23cc2329b8587dbd5eb8f50c00f16db2153e0c48d47f',1),(63,'64bedc4b36608a8bacc7dc016a1aa710620f23cc2329b8587dbd5eb8f50c00f16db2153e0c48d47f','2022-04-29 05:33:06','2022-04-22 05:33:06','::1','2022-04-22 07:01:07','::1','7c5d363889df7cff75d874fdde661228cb9146735af869324d50c62c361832e32009af7a953f1057',1),(64,'7c5d363889df7cff75d874fdde661228cb9146735af869324d50c62c361832e32009af7a953f1057','2022-04-29 07:01:07','2022-04-22 07:01:07','::1','2022-04-22 07:15:14','::1','c765055f66b3f2f0af0e8bbc64495c91c4bf814a4236015e2b009b7a4f6c0b4aa273963e2a8c2c74',1),(65,'c765055f66b3f2f0af0e8bbc64495c91c4bf814a4236015e2b009b7a4f6c0b4aa273963e2a8c2c74','2022-04-29 07:15:14','2022-04-22 07:15:14','::1','2022-04-22 07:29:14','::1','c8319d62e8a11be4fca5100d08757922d0673f024fa5410f55cb25501a7c5e68bd605b70c7c2ed6b',1),(66,'c8319d62e8a11be4fca5100d08757922d0673f024fa5410f55cb25501a7c5e68bd605b70c7c2ed6b','2022-04-29 07:29:14','2022-04-22 07:29:14','::1','2022-04-22 10:43:32','::1','4caf58e76c7fe1180f5fe25b3460473df7b0b16161edf5f00600efb37e942110bd4e0ff409c36737',1),(67,'4caf58e76c7fe1180f5fe25b3460473df7b0b16161edf5f00600efb37e942110bd4e0ff409c36737','2022-04-29 10:43:32','2022-04-22 10:43:32','::1','2022-04-22 11:06:34','::1','0ca76a80e52ce1637836552d7e07e56eccede62c993bff07f6f7121a152f7d7b156a9fb4a7e0892f',1),(68,'0ca76a80e52ce1637836552d7e07e56eccede62c993bff07f6f7121a152f7d7b156a9fb4a7e0892f','2022-04-29 11:06:34','2022-04-22 11:06:34','::1','2022-04-22 11:10:06','::1','855c028a0c6900bba41a216c15b08ff62564068ed8a9de7f6c7433fc83e8bcf8dfc8e86ee0021923',1),(69,'855c028a0c6900bba41a216c15b08ff62564068ed8a9de7f6c7433fc83e8bcf8dfc8e86ee0021923','2022-04-29 11:10:06','2022-04-22 11:10:06','::1','2022-04-22 11:11:43','::1','e1c228d5b7a32cfa67e4fe11796aba4e3f554826e70a3882b96672424b98f855cd088e86726f888a',1),(70,'e1c228d5b7a32cfa67e4fe11796aba4e3f554826e70a3882b96672424b98f855cd088e86726f888a','2022-04-29 11:11:43','2022-04-22 11:11:43','::1','2022-04-22 11:12:01','::1','93e3e98a3bead480162c358a73983998915d790785e147bbb1e3a0fad853543e6dbb25c6c8e7a33c',1),(71,'93e3e98a3bead480162c358a73983998915d790785e147bbb1e3a0fad853543e6dbb25c6c8e7a33c','2022-04-29 11:12:01','2022-04-22 11:12:01','::1','2022-04-22 11:12:49','::1','030beb3b8263cfd3c5176f0a2ab2216f52b0a0e44d0842231dce6ccbcbe5aba99bca409e7bac6773',1),(72,'030beb3b8263cfd3c5176f0a2ab2216f52b0a0e44d0842231dce6ccbcbe5aba99bca409e7bac6773','2022-04-29 11:12:49','2022-04-22 11:12:49','::1','2022-04-22 11:13:24','::1','b60646e1b50fff4763a9f30378f1ed248a7eab9139a2006557cf37890fc713b90996d637ca906afb',1),(73,'b60646e1b50fff4763a9f30378f1ed248a7eab9139a2006557cf37890fc713b90996d637ca906afb','2022-04-29 11:13:24','2022-04-22 11:13:24','::1','2022-04-22 11:14:06','::1','426870409ceb67a30ce936c6f8b137ffa048eb68d7422b9434e79df9fd1bf9d999b91f66414391f7',1),(74,'426870409ceb67a30ce936c6f8b137ffa048eb68d7422b9434e79df9fd1bf9d999b91f66414391f7','2022-04-29 11:14:06','2022-04-22 11:14:06','::1','2022-04-22 11:14:45','::1','5e7b46455da8e2f6727c17d2b6bf866489ebd3ffb52e51d854658be3725a5884dea6322a155d9402',1),(75,'5e7b46455da8e2f6727c17d2b6bf866489ebd3ffb52e51d854658be3725a5884dea6322a155d9402','2022-04-29 11:14:45','2022-04-22 11:14:45','::1','2022-04-22 11:19:32','::1','a938e902108470bccc9eef56ad6f5baa11d61de57b5568e8ecd478c69f220bd366f920ac19f11c10',1),(76,'a938e902108470bccc9eef56ad6f5baa11d61de57b5568e8ecd478c69f220bd366f920ac19f11c10','2022-04-29 11:19:32','2022-04-22 11:19:32','::1','2022-04-22 11:33:32','::1','e28f92ef7a0b42effb11c4710630576d5ff4c17c375f4d12b14c4899e0966094d33eef4e1e7faf83',1),(77,'e28f92ef7a0b42effb11c4710630576d5ff4c17c375f4d12b14c4899e0966094d33eef4e1e7faf83','2022-04-29 11:33:32','2022-04-22 11:33:32','::1','2022-04-22 11:34:06','::1','7e9f26156b25ef47e9df1d539328709accf1916749c3a5d39a405a83a37d5aa4d05ad9ea67e38cc6',1),(78,'7e9f26156b25ef47e9df1d539328709accf1916749c3a5d39a405a83a37d5aa4d05ad9ea67e38cc6','2022-04-29 11:34:06','2022-04-22 11:34:06','::1','2022-04-22 11:36:28','::1','5b01c28e20da59e00e9a7aaca68907107f044972e0ab79099765522d6beadaaf3ed8aaaa0ffe5120',1),(79,'5b01c28e20da59e00e9a7aaca68907107f044972e0ab79099765522d6beadaaf3ed8aaaa0ffe5120','2022-04-29 11:36:28','2022-04-22 11:36:28','::1','2022-04-22 11:37:08','::1','c527357aa1d517430f31df24a765749cbaffe68c04da478caea9802fca7e5017731bc9a4e701eb4e',1),(80,'c527357aa1d517430f31df24a765749cbaffe68c04da478caea9802fca7e5017731bc9a4e701eb4e','2022-04-29 11:37:08','2022-04-22 11:37:08','::1','2022-04-22 11:37:39','::1','6f01db75bc5b642f4126e1fe2b6f251ebd68e268ac48df431e99e5e4e8b236b8de2c1b6ed2fb4ed1',1),(81,'6f01db75bc5b642f4126e1fe2b6f251ebd68e268ac48df431e99e5e4e8b236b8de2c1b6ed2fb4ed1','2022-04-29 11:37:39','2022-04-22 11:37:39','::1','2022-04-22 11:39:07','::1','3d4f625ed3cb5eaaf967953790413feb431c83275f3e2b78b745b3ad3dcfe485edcf8248cdd2787f',1),(82,'3d4f625ed3cb5eaaf967953790413feb431c83275f3e2b78b745b3ad3dcfe485edcf8248cdd2787f','2022-04-29 11:39:07','2022-04-22 11:39:07','::1','2022-04-22 11:39:45','::1','70c7e7a9021ced316032e1d3dd9072d89936397e2d338e0298b20af5b9fbe093f051ef2213491352',1),(83,'70c7e7a9021ced316032e1d3dd9072d89936397e2d338e0298b20af5b9fbe093f051ef2213491352','2022-04-29 11:39:45','2022-04-22 11:39:45','::1','2022-04-22 11:41:44','::1','e3e8de35425a5d32f09aa7cb4836120d1944ee5a7d3c761135414a1fd6c1c06b1844ba1443ca367f',1),(84,'e3e8de35425a5d32f09aa7cb4836120d1944ee5a7d3c761135414a1fd6c1c06b1844ba1443ca367f','2022-04-29 11:41:44','2022-04-22 11:41:44','::1','2022-04-22 11:45:44','::1','1d35ce5b6ea842e0bfaa4e250b94ce0020be43a187099faa7f82aa0a989135281b1f2dd0ec5f1625',1),(85,'1d35ce5b6ea842e0bfaa4e250b94ce0020be43a187099faa7f82aa0a989135281b1f2dd0ec5f1625','2022-04-29 11:45:44','2022-04-22 11:45:44','::1','2022-04-22 11:58:18','::1','1380f7e50bfae8965e55e109722765d2a2c8c28ad164eda1516d6b9c5781a8436c73e7ed43efc445',1),(86,'1380f7e50bfae8965e55e109722765d2a2c8c28ad164eda1516d6b9c5781a8436c73e7ed43efc445','2022-04-29 11:58:18','2022-04-22 11:58:18','::1','2022-04-22 11:59:02','::1','8e5af74ea5ba5e4d23256a455725bbd6520b2ab240ebe72ecdbde31e40fefe281f00eef0cb6e8c26',1),(87,'8e5af74ea5ba5e4d23256a455725bbd6520b2ab240ebe72ecdbde31e40fefe281f00eef0cb6e8c26','2022-04-29 11:59:02','2022-04-22 11:59:02','::1','2022-04-23 14:09:28','::1','d348d42b990ec1f77e03223d7e64b6af1929e711d91d850ae60fc3f529ca2b85bdaec7294568a395',1),(88,'d348d42b990ec1f77e03223d7e64b6af1929e711d91d850ae60fc3f529ca2b85bdaec7294568a395','2022-04-30 14:09:28','2022-04-23 14:09:28','::1','2022-04-23 14:23:36','::1','8b371daac9a6ff81a8371ae7d1468d5d977e512b2c69a918843b652fe2b0c0cd6507192ef10d8d4e',1),(89,'8b371daac9a6ff81a8371ae7d1468d5d977e512b2c69a918843b652fe2b0c0cd6507192ef10d8d4e','2022-04-30 14:23:36','2022-04-23 14:23:36','::1','2022-04-23 14:37:48','::1','324ec9a959131f07293fd35e1c4ea9376c76e63d3b48b1b34d43dc56e4b5b1d78b83655b2b7990e8',1),(90,'324ec9a959131f07293fd35e1c4ea9376c76e63d3b48b1b34d43dc56e4b5b1d78b83655b2b7990e8','2022-04-30 14:37:48','2022-04-23 14:37:48','::1','2022-04-23 14:51:49','::1','46c9442a1981ae09116cf36ed8c763d96f3cdbea7ca998e4b2afd0ed862bc2b914c3007204d5a7a2',1),(91,'46c9442a1981ae09116cf36ed8c763d96f3cdbea7ca998e4b2afd0ed862bc2b914c3007204d5a7a2','2022-04-30 14:51:49','2022-04-23 14:51:49','::1','2022-04-23 15:34:04','::1','461bf3dafb32577f7e2c1f66e03eb751aed04b48fd6f9622239fc3ae1f8d975776760ba15e9bc085',1),(92,'461bf3dafb32577f7e2c1f66e03eb751aed04b48fd6f9622239fc3ae1f8d975776760ba15e9bc085','2022-04-30 15:34:04','2022-04-23 15:34:04','::1','2022-04-27 10:17:45','::1','2e36eaeaed690c67ad58ec5ddd971f6a4efae20c2162456234ac8fad7599112e9098e90b4ffb5cbc',1),(93,'2e36eaeaed690c67ad58ec5ddd971f6a4efae20c2162456234ac8fad7599112e9098e90b4ffb5cbc','2022-05-04 10:17:45','2022-04-27 10:17:45','::1','2022-04-27 10:18:23','::1','a519991ec97ac96263affbf71c89c9abe2c14b50dad9f0dc2c42e9c50707891a6b62ca55beefef70',1),(94,'a519991ec97ac96263affbf71c89c9abe2c14b50dad9f0dc2c42e9c50707891a6b62ca55beefef70','2022-05-04 10:18:23','2022-04-27 10:18:23','::1','2022-04-27 10:21:47','::1','f24b983831bf5bc4b1c9c59cdf8be2e2edfed17cfecfe6251663ea1a0aec204ebd45243d24e5c1bd',1),(95,'f24b983831bf5bc4b1c9c59cdf8be2e2edfed17cfecfe6251663ea1a0aec204ebd45243d24e5c1bd','2022-05-04 10:21:47','2022-04-27 10:21:47','::1','2022-04-27 10:24:16','::1','e5f857104df03c5c3f7b0007e7bb969d0a701c024305f12a23bbb366463f96a86b363b2166c2a898',1),(96,'e5f857104df03c5c3f7b0007e7bb969d0a701c024305f12a23bbb366463f96a86b363b2166c2a898','2022-05-04 10:24:16','2022-04-27 10:24:16','::1','2022-04-27 10:56:44','::1','34ad7aef4d1fc5439d3dc0717bc84e5b21fd28af7eac8c7164cea047b7ab7e8157f18b19249df37b',1),(97,'34ad7aef4d1fc5439d3dc0717bc84e5b21fd28af7eac8c7164cea047b7ab7e8157f18b19249df37b','2022-05-04 10:56:44','2022-04-27 10:56:44','::1','2022-04-27 21:41:19','::1','d056b57568ff7af9fc84fd115deeb798e10dd54cfaf75ddf90be3db5877e55ff6526fb8decc8dabd',1),(98,'d056b57568ff7af9fc84fd115deeb798e10dd54cfaf75ddf90be3db5877e55ff6526fb8decc8dabd','2022-05-04 21:41:19','2022-04-27 21:41:19','::1','2022-04-27 22:41:00','::1','86d3badc6d5836935015b680359c03b1c9f9acb70b3943f01d72c9f8217f504967bda54a85203eb9',1),(99,'86d3badc6d5836935015b680359c03b1c9f9acb70b3943f01d72c9f8217f504967bda54a85203eb9','2022-05-04 22:41:00','2022-04-27 22:41:00','::1','2022-04-27 23:01:42','::1','c68e8934d8a1b711a587d60b4004d586bf85d99644cf8e5e29157fdac922ec22d13e9936a3c6b5b4',1),(100,'c68e8934d8a1b711a587d60b4004d586bf85d99644cf8e5e29157fdac922ec22d13e9936a3c6b5b4','2022-05-04 23:01:42','2022-04-27 23:01:42','::1','2022-05-04 08:22:08','::1','83e1aeabd7cbfb609c6dc9f1ffd8838c6e3982e2f209c2c24da43f4a9f201b72e68d0a93e8085f8e',1),(101,'83e1aeabd7cbfb609c6dc9f1ffd8838c6e3982e2f209c2c24da43f4a9f201b72e68d0a93e8085f8e','2022-05-11 08:22:08','2022-05-04 08:22:08','::1','2022-05-04 08:49:45','::1','fe048ded582d9189cfa11a490a309ad03966a399e8c89d0e167912a69238c6bdef461932c0b3de24',1),(102,'fe048ded582d9189cfa11a490a309ad03966a399e8c89d0e167912a69238c6bdef461932c0b3de24','2022-05-11 08:49:45','2022-05-04 08:49:45','::1','2022-05-04 10:55:55','::1','79df22c4215da0b97afb0116ec12d8347ff8b357c51a7818025fab5e5a3ca8878517108ef285d96d',1),(103,'79df22c4215da0b97afb0116ec12d8347ff8b357c51a7818025fab5e5a3ca8878517108ef285d96d','2022-05-11 10:55:55','2022-05-04 10:55:55','::1','2022-05-04 10:56:28','::1','df62235d9a8eef409857c9075dbba10b9317ab2248645aea7d60fac30f2fc823b366e0e1a99761f8',1),(104,'df62235d9a8eef409857c9075dbba10b9317ab2248645aea7d60fac30f2fc823b366e0e1a99761f8','2022-05-11 10:56:28','2022-05-04 10:56:28','::1','2022-05-04 23:47:14','::1','c55fc958dc2896a4e1e39dca5f6ee14859095e32b6a527b2ba47e7eff59ff162970859d1351d1e57',1),(105,'c55fc958dc2896a4e1e39dca5f6ee14859095e32b6a527b2ba47e7eff59ff162970859d1351d1e57','2022-05-11 23:47:14','2022-05-04 23:47:14','::1','2022-05-05 00:01:20','::1','eb0fb32c3af9af2868d0cae4f7de2ae467654ced2a2a0d82e0c71af2597a71225b58f15cda459eb0',1),(106,'eb0fb32c3af9af2868d0cae4f7de2ae467654ced2a2a0d82e0c71af2597a71225b58f15cda459eb0','2022-05-12 00:01:20','2022-05-05 00:01:20','::1','2022-05-05 00:15:27','::1','099cdb3cdb1acab74c04ec8f33807593aeebff07c3d601a375eacc69ee51bd6f86de2e44adb043d9',1),(107,'099cdb3cdb1acab74c04ec8f33807593aeebff07c3d601a375eacc69ee51bd6f86de2e44adb043d9','2022-05-12 00:15:27','2022-05-05 00:15:27','::1','2022-05-05 00:29:39','::1','8cdee3cce32914a89b1c4583d6ede749b30d4741ec1ae890d9818849dd88c63eb33586eb8375490d',1),(108,'8cdee3cce32914a89b1c4583d6ede749b30d4741ec1ae890d9818849dd88c63eb33586eb8375490d','2022-05-12 00:29:39','2022-05-05 00:29:39','::1','2022-05-05 01:48:05','::1','e776f0ca84533db415c11ce578ed2e0ef79ec8eb94a5a5fc166e15f06e8114c2393b41e6e965fee2',1),(109,'e776f0ca84533db415c11ce578ed2e0ef79ec8eb94a5a5fc166e15f06e8114c2393b41e6e965fee2','2022-05-12 01:48:05','2022-05-05 01:48:05','::1','2022-05-05 02:02:11','::1','1795dcf4cdc35c0f83515275e31255a770054f494d32fb2b412de72fd96d7d5e36fb4293280b6a02',1),(110,'1795dcf4cdc35c0f83515275e31255a770054f494d32fb2b412de72fd96d7d5e36fb4293280b6a02','2022-05-12 02:02:11','2022-05-05 02:02:11','::1','2022-05-05 02:26:47','::1','a1ac31f621df678219a8785fb5dc5279852830e0f2d1828092f4a5eb6cc593a0fa17ef7cfba75a88',1),(111,'a1ac31f621df678219a8785fb5dc5279852830e0f2d1828092f4a5eb6cc593a0fa17ef7cfba75a88','2022-05-12 02:26:47','2022-05-05 02:26:47','::1','2022-05-05 03:09:55','::1','36eb5f3c2d1a84c6ccaf419534bed9301478543c4638cffd2683d3ea9bbf40ece60546f8277b09e8',1),(112,'36eb5f3c2d1a84c6ccaf419534bed9301478543c4638cffd2683d3ea9bbf40ece60546f8277b09e8','2022-05-12 03:09:55','2022-05-05 03:09:55','::1','2022-05-05 03:46:38','::1','efd2a81321188ae13abbfaa04375e8cb6b5193ba4ccc6d3bd85d9385cf4b1dc129fcd44a4055f88c',1),(113,'efd2a81321188ae13abbfaa04375e8cb6b5193ba4ccc6d3bd85d9385cf4b1dc129fcd44a4055f88c','2022-05-12 03:46:38','2022-05-05 03:46:38','::1','2022-05-05 04:00:39','::1','f07a83090b2401b0e285272114efbae6ffd15b5174ba8c76e88a16c8432738531a8be8bb7204d616',1),(114,'f07a83090b2401b0e285272114efbae6ffd15b5174ba8c76e88a16c8432738531a8be8bb7204d616','2022-05-12 04:00:39','2022-05-05 04:00:39','::1','2022-05-05 04:14:39','::1','861f92145ebd2cf046ee049bd5740bd44046ef7b8feb5818b83fe4fdb364476e64e82e9c6482a765',1),(115,'861f92145ebd2cf046ee049bd5740bd44046ef7b8feb5818b83fe4fdb364476e64e82e9c6482a765','2022-05-12 04:14:39','2022-05-05 04:14:39','::1','2022-05-05 04:28:40','::1','0e60211c7e2e0f79312d29d6e866f25d702eb3be2f6c1c7cc8d21f3c9ff02d536d45b38d050718f2',1),(116,'0e60211c7e2e0f79312d29d6e866f25d702eb3be2f6c1c7cc8d21f3c9ff02d536d45b38d050718f2','2022-05-12 04:28:40','2022-05-05 04:28:40','::1',NULL,NULL,NULL,1);
/*!40000 ALTER TABLE `refreshTokens` ENABLE KEYS */;
UNLOCK TABLES;

--
-- Table structure for table `tbl_accounts`
--

DROP TABLE IF EXISTS `tbl_accounts`;
/*!40101 SET @saved_cs_client     = @@character_set_client */;
/*!50503 SET character_set_client = utf8mb4 */;
CREATE TABLE `tbl_accounts` (
  `accountNumber` varchar(255) NOT NULL,
  `accountName` varchar(255) NOT NULL,
  `openDate` datetime DEFAULT NULL,
  `debtorAge` int DEFAULT NULL,
  `paymentTermDays` int DEFAULT NULL,
  `creditLimit` decimal(10,2) DEFAULT NULL,
  `totalBalance` decimal(10,2) DEFAULT NULL,
  `amountDue` decimal(10,2) DEFAULT NULL,
  `currentBalance` decimal(10,2) DEFAULT NULL,
  `days30` decimal(10,2) DEFAULT NULL,
  `days60` decimal(10,2) DEFAULT NULL,
  `days90` decimal(10,2) DEFAULT NULL,
  `days120` decimal(10,2) DEFAULT NULL,
  `days150` decimal(10,2) DEFAULT NULL,
  `days180` decimal(10,2) DEFAULT NULL,
  `days180Over` decimal(10,2) DEFAULT NULL,
  `paymentMethod` varchar(255) DEFAULT NULL,
  `paymentDueDate` int DEFAULT NULL,
  `debitOrderDate` int DEFAULT NULL,
  `lastPaymentDate` datetime DEFAULT NULL,
  `lastPaymentAmount` decimal(10,2) DEFAULT NULL,
  `lastPTPDate` datetime DEFAULT NULL,
  `lastPTPAmount` decimal(10,2) DEFAULT NULL,
  `accountNotes` varchar(255) DEFAULT NULL,
  `accountStatus` varchar(255) DEFAULT NULL,
  `arg` varchar(255) DEFAULT NULL,
  `tenant` varchar(255) NOT NULL,
  `createdBy` varchar(255) NOT NULL,
  `updatedBy` varchar(255) DEFAULT NULL,
  `f_customerRefNo` varchar(255) DEFAULT NULL,
  `createdAt` datetime NOT NULL,
  `updatedAt` datetime NOT NULL,
  PRIMARY KEY (`accountNumber`),
  KEY `f_customerRefNo` (`f_customerRefNo`),
  CONSTRAINT `tbl_accounts_ibfk_1` FOREIGN KEY (`f_customerRefNo`) REFERENCES `tbl_customers` (`customerRefNo`) ON DELETE CASCADE ON UPDATE CASCADE
) ENGINE=InnoDB DEFAULT CHARSET=utf8mb4 COLLATE=utf8mb4_0900_ai_ci;
/*!40101 SET character_set_client = @saved_cs_client */;

--
-- Dumping data for table `tbl_accounts`
--

LOCK TABLES `tbl_accounts` WRITE;
/*!40000 ALTER TABLE `tbl_accounts` DISABLE KEYS */;
INSERT INTO `tbl_accounts` VALUES ('3RD101','BAKGATLA BA KGAFELA INVESTMENT HOLDINGS (BBKIH)','2020-09-15 00:00:00',NULL,7,NULL,0.00,NULL,0.00,0.00,0.00,0.00,0.00,0.00,0.00,0.00,'P7',NULL,NULL,NULL,NULL,NULL,NULL,NULL,NULL,NULL,'tenant1','System',NULL,'3RD101','2022-04-21 06:07:18','2022-04-21 06:07:18'),('5OH012','JUERGEN SCHREIBER','2020-09-15 00:00:00',NULL,7,NULL,0.00,NULL,0.00,0.00,0.00,0.00,0.00,0.00,0.00,0.00,'P7',NULL,NULL,NULL,NULL,NULL,NULL,NULL,NULL,NULL,'tenant1','System',NULL,'5OH012','2022-04-21 06:07:18','2022-04-21 06:07:18'),('AEO101','AEONOVA 360',NULL,NULL,NULL,NULL,16915.78,NULL,16915.78,0.00,21990.51,27065.25,3383.16,8457.89,29771.77,16915.78,NULL,NULL,NULL,NULL,NULL,NULL,NULL,NULL,NULL,NULL,'tenant1','System',NULL,'AEO101','2022-04-21 06:07:18','2022-04-21 06:07:18'),('AIM101','MATTER INVESTMENTS (PTY) LTD',NULL,NULL,30,NULL,29934.84,NULL,59869.68,47895.74,65856.65,83817.55,101778.46,5986.97,2993.48,29934.84,'P30',NULL,NULL,NULL,NULL,NULL,NULL,NULL,NULL,NULL,'tenant1','System',NULL,'AIM101','2022-04-21 06:07:18','2022-04-21 06:07:18'),('ALJ101','ALJ CONSULTING','2017-10-30 00:00:00',NULL,30,NULL,34658.08,NULL,17329.04,5198.71,20794.85,25993.56,32925.18,3465.81,22527.75,34658.08,'P30',NULL,NULL,NULL,NULL,NULL,NULL,NULL,NULL,NULL,'tenant1','System',NULL,'ALJ101','2022-04-21 06:07:18','2022-04-21 06:07:18'),('ATT102','BRONWYN BOTHA',NULL,NULL,30,NULL,8889.50,NULL,8889.50,0.00,11556.35,14223.20,1777.90,4444.75,15645.52,8889.50,'P30',NULL,NULL,NULL,NULL,NULL,NULL,NULL,NULL,NULL,'tenant1','System',NULL,'ATT102','2022-04-21 06:07:18','2022-04-21 06:07:18'),('BAC101','LUKE JOHN BACKOS',NULL,NULL,0,NULL,5000.01,NULL,10000.02,8000.02,11000.02,14000.03,17000.03,1000.00,500.00,5000.01,'DO',NULL,NULL,NULL,NULL,NULL,NULL,NULL,NULL,NULL,'tenant1','System',NULL,'BAC101','2022-04-21 06:07:18','2022-04-21 06:07:18'),('BBQ101','BBQ WORKSHOP','2017-08-04 00:00:00',NULL,30,NULL,23913.85,NULL,11956.93,3587.08,14348.31,17935.39,22718.16,2391.38,15544.00,23913.85,'P30',NULL,NULL,NULL,NULL,NULL,NULL,NULL,NULL,NULL,'tenant1','System',NULL,'BBQ101','2022-04-21 06:07:18','2022-04-21 06:07:18'),('BON102','BONTIWORX (PTY) LTD',NULL,NULL,30,NULL,14947.70,NULL,14947.70,0.00,19432.01,23916.32,2989.54,7473.85,26307.95,14947.70,'P30',NULL,NULL,NULL,NULL,NULL,NULL,NULL,NULL,NULL,'tenant1','System',NULL,'BON102','2022-04-21 06:07:18','2022-04-21 06:07:18'),('CAP104','CAPRICORN INVESTMENT GROUP (PTY) LTD','2017-05-04 00:00:00',NULL,30,NULL,8746.28,NULL,17492.56,13994.05,19241.82,24489.58,29737.35,1749.26,874.63,8746.28,'P30',NULL,NULL,NULL,NULL,NULL,NULL,NULL,NULL,NULL,'tenant1','System',NULL,'CAP104','2022-04-21 06:07:18','2022-04-21 06:07:18'),('CEN102','CENTRAL PARK',NULL,NULL,NULL,NULL,87175.63,NULL,43587.82,13076.34,52305.38,65381.72,82816.85,8717.56,56664.16,87175.63,NULL,NULL,NULL,NULL,NULL,NULL,NULL,NULL,NULL,NULL,'tenant1','System',NULL,'CEN102','2022-04-21 06:07:18','2022-04-21 06:07:18'),('CH0243','CHERISE ANSARA',NULL,NULL,0,NULL,5694.43,NULL,5694.43,0.00,7402.76,9111.09,1138.89,2847.22,10022.20,5694.43,'DO',NULL,NULL,NULL,NULL,NULL,NULL,NULL,NULL,NULL,'tenant1','System',NULL,'CH0243','2022-04-21 06:07:18','2022-04-21 06:07:18'),('CJS101','CRAZY JELLY STORE (PTY) LTD',NULL,NULL,30,NULL,5100.00,NULL,10200.00,8160.00,11220.00,14280.00,17340.00,1020.00,510.00,5100.00,'P30',NULL,NULL,NULL,NULL,NULL,NULL,NULL,NULL,NULL,'tenant1','System',NULL,'CJS101','2022-04-21 06:07:18','2022-04-21 06:07:18'),('COA101','ROCKING CONNECT PTY LTD',NULL,NULL,30,NULL,7343.87,NULL,3671.94,1101.58,4406.32,5507.90,6976.68,734.39,4773.52,7343.87,'P30',NULL,NULL,NULL,NULL,NULL,NULL,NULL,NULL,NULL,'tenant1','System',NULL,'COA101','2022-04-21 06:07:18','2022-04-21 06:07:18'),('COO104','COOL IDEAS SERVICE PROVIDER',NULL,NULL,30,NULL,32478.88,NULL,32478.88,0.00,42222.54,51966.21,6495.78,16239.44,57162.83,32478.88,'P30',NULL,NULL,NULL,NULL,NULL,NULL,NULL,NULL,NULL,'tenant1','System',NULL,'COO104','2022-04-21 06:07:18','2022-04-21 06:07:18'),('DGH101','D & G HOLDINGS (PTY) LTD/ D AND G HOLDINGS',NULL,NULL,30,NULL,4325.84,NULL,8651.68,6921.34,9516.85,12112.35,14707.86,865.17,432.58,4325.84,'P30',NULL,NULL,NULL,NULL,NULL,NULL,NULL,NULL,NULL,'tenant1','System',NULL,'DGH101','2022-04-21 06:07:18','2022-04-21 06:07:18'),('DOR101','DORON DIAMONDS',NULL,NULL,30,NULL,19108.42,NULL,9554.21,2866.26,11465.05,14331.31,18153.00,1910.84,12420.47,19108.42,'P30',NULL,NULL,NULL,NULL,NULL,NULL,NULL,NULL,NULL,'tenant1','System',NULL,'DOR101','2022-04-21 06:07:18','2022-04-21 06:07:18'),('DV1144','CANDICE ZAAIMAN','2017-04-26 00:00:00',NULL,0,NULL,12075.93,NULL,12075.93,0.00,15698.71,19321.49,2415.19,6037.97,21253.64,12075.93,'EFT',NULL,NULL,NULL,NULL,NULL,NULL,NULL,NULL,NULL,'tenant1','System',NULL,'DV1144','2022-04-21 06:07:18','2022-04-21 06:07:18'),('GAT101','N GATTOO INC T/A GATTOO ATTORNEYS','2016-09-26 00:00:00',NULL,30,NULL,29895.40,NULL,59790.80,47832.64,65769.88,83707.12,101644.36,5979.08,2989.54,29895.40,'P30',NULL,NULL,NULL,NULL,NULL,NULL,NULL,NULL,NULL,'tenant1','System',NULL,'GAT101','2022-04-21 06:07:18','2022-04-21 06:07:18'),('GRA078','ODIEGWU TIMOTHY EKENE',NULL,NULL,7,NULL,4810.00,NULL,2405.00,721.50,2886.00,3607.50,4569.50,481.00,3126.50,4810.00,'P7',NULL,NULL,NULL,NULL,NULL,NULL,NULL,NULL,NULL,'tenant1','System',NULL,'GRA078','2022-04-21 06:07:18','2022-04-21 06:07:18'),('GRA297','KIMENGWA NGAMBI','2018-02-02 00:00:00',NULL,0,NULL,5495.00,NULL,5495.00,0.00,7143.50,8792.00,1099.00,2747.50,9671.20,5495.00,'DO',NULL,NULL,NULL,NULL,NULL,NULL,NULL,NULL,NULL,'tenant1','System',NULL,'GRA297','2022-04-21 06:07:18','2022-04-21 06:07:18'),('GRA586','KATE MODIMA BODIBA',NULL,NULL,0,NULL,5206.00,NULL,10412.00,8329.60,11453.20,14576.80,17700.40,1041.20,520.60,5206.00,'DO',NULL,NULL,NULL,NULL,NULL,NULL,NULL,NULL,NULL,'tenant1','System',NULL,'GRA586','2022-04-21 06:07:18','2022-04-21 06:07:18'),('GRO101','PROPERTY HELPLINE (PTY) LTD','2015-09-04 00:00:00',NULL,30,NULL,21699.96,NULL,10849.98,3254.99,13019.98,16274.97,20614.96,2170.00,14104.97,21699.96,'P30',NULL,NULL,NULL,NULL,NULL,NULL,NULL,NULL,NULL,'tenant1','System',NULL,'GRO101','2022-04-21 06:07:18','2022-04-21 06:07:18'),('HUA101','HUAMIN TRADING','2017-04-26 00:00:00',NULL,30,NULL,7355.44,NULL,7355.44,0.00,9562.07,11768.70,1471.09,3677.72,12945.57,7355.44,'P30',NULL,NULL,NULL,NULL,NULL,NULL,NULL,NULL,NULL,'tenant1','System',NULL,'HUA101','2022-04-21 06:07:18','2022-04-21 06:07:18'),('HVB101','HVB SERVICES SOUTH AFRICA (PTY LTD',NULL,NULL,30,NULL,5030.64,NULL,10061.28,8049.02,11067.41,14085.79,17104.18,1006.13,503.06,5030.64,'P30',NULL,NULL,NULL,NULL,NULL,NULL,NULL,NULL,NULL,'tenant1','System',NULL,'HVB101','2022-04-21 06:07:18','2022-04-21 06:07:18'),('ILK101','ILKA FINANCE (PTY) LTD',NULL,NULL,30,NULL,0.00,NULL,0.00,0.00,0.00,0.00,0.00,0.00,0.00,0.00,'P30',NULL,NULL,NULL,NULL,NULL,NULL,NULL,NULL,NULL,'tenant1','System',NULL,'ILK101','2022-04-21 06:07:18','2022-04-21 06:07:18'),('IMA102','IMAGINE IPS','2019-10-14 00:00:00',NULL,30,NULL,6325.00,NULL,6325.00,0.00,8222.50,10120.00,1265.00,3162.50,11132.00,6325.00,'P30',NULL,NULL,NULL,NULL,NULL,NULL,NULL,NULL,NULL,'tenant1','System',NULL,'IMA102','2022-04-21 06:07:18','2022-04-21 06:07:18'),('INT103','INTDEV Internet Technologies',NULL,NULL,30,NULL,24150.00,NULL,48300.00,38640.00,53130.00,67620.00,82110.00,4830.00,2415.00,24150.00,'P30',NULL,NULL,NULL,NULL,NULL,NULL,NULL,NULL,NULL,'tenant1','System',NULL,'INT103','2022-04-21 06:07:18','2022-04-21 06:07:18'),('JAB101','JAB DRIED FRUIT PRODUCTS (PTY) LTD','2017-04-19 00:00:00',NULL,0,NULL,37986.80,NULL,18993.40,5698.02,22792.08,28490.10,36087.46,3798.68,24691.42,37986.80,'DO',NULL,NULL,NULL,NULL,NULL,NULL,NULL,NULL,NULL,'tenant1','System',NULL,'JAB101','2022-04-21 06:07:18','2022-04-21 06:07:18'),('LBV001','TANIA DU PLESSIS',NULL,NULL,0,NULL,6963.41,NULL,6963.41,0.00,9052.43,11141.46,1392.68,3481.71,12255.60,6963.41,'PIA',NULL,NULL,NULL,NULL,NULL,NULL,NULL,NULL,NULL,'tenant1','System',NULL,'LBV001','2022-04-21 06:07:18','2022-04-21 06:07:18'),('MCC104','JUSTIN MCCALLUM',NULL,NULL,0,NULL,6863.01,NULL,13726.02,10980.82,15098.62,19216.43,23334.23,1372.60,686.30,6863.01,'DO',NULL,NULL,NULL,NULL,NULL,NULL,NULL,NULL,NULL,'tenant1','System',NULL,'MCC104','2022-04-21 06:07:18','2022-04-21 06:07:18'),('MLS101','SIMPLYFAI',NULL,NULL,30,NULL,0.00,NULL,0.00,0.00,0.00,0.00,0.00,0.00,0.00,0.00,'P30',NULL,NULL,NULL,NULL,NULL,NULL,NULL,NULL,NULL,'tenant1','System',NULL,'MLS101','2022-04-21 06:07:18','2022-04-21 06:07:18'),('MON101','MDF MANAGEMENT HOLDINGS (PTY) LTD','2017-05-02 00:00:00',NULL,30,NULL,6367.36,NULL,6367.36,0.00,8277.57,10187.78,1273.47,3183.68,11206.55,6367.36,'P30',NULL,NULL,NULL,NULL,NULL,NULL,NULL,NULL,NULL,'tenant1','System',NULL,'MON101','2022-04-21 06:07:18','2022-04-21 06:07:18'),('MOS103','MUTSI PHAKISO MOSOEU','2018-12-13 00:00:00',NULL,0,NULL,5116.70,NULL,10233.40,8186.72,11256.74,14326.76,17396.78,1023.34,511.67,5116.70,'DO',NULL,NULL,NULL,NULL,NULL,NULL,NULL,NULL,NULL,'tenant1','System',NULL,'MOS103','2022-04-21 06:07:18','2022-04-21 06:07:18'),('MYE046','NIKALYE OLDJOHN','2018-10-10 00:00:00',NULL,7,NULL,4743.31,NULL,2371.66,711.50,2845.99,3557.48,4506.14,474.33,3083.15,4743.31,'P7',NULL,NULL,NULL,NULL,NULL,NULL,NULL,NULL,NULL,'tenant1','System',NULL,'MYE046','2022-04-21 06:07:18','2022-04-21 06:07:18'),('NEP101','NEPIC (PTY) LTD',NULL,NULL,0,NULL,193540.40,NULL,193540.40,0.00,251602.52,309664.64,38708.08,96770.20,340631.10,193540.40,'EFT',NULL,NULL,NULL,NULL,NULL,NULL,NULL,NULL,NULL,'tenant1','System',NULL,'NEP101','2022-04-21 06:07:18','2022-04-21 06:07:18'),('NKA101','NKANYISO ICT (See Bureau report for Bukosini)',NULL,NULL,30,NULL,6325.00,NULL,12650.00,10120.00,13915.00,17710.00,21505.00,1265.00,632.50,6325.00,'P30',NULL,NULL,NULL,NULL,NULL,NULL,NULL,NULL,NULL,'tenant1','System',NULL,'NKA101','2022-04-21 06:07:18','2022-04-21 06:07:18'),('ONE201','ONELOGIX VDS',NULL,NULL,NULL,NULL,30395.82,NULL,15197.91,4559.37,18237.49,22796.86,28876.03,3039.58,19757.28,30395.82,'-',NULL,NULL,NULL,NULL,NULL,NULL,NULL,NULL,NULL,'tenant1','System',NULL,'ONE201','2022-04-21 06:07:18','2022-04-21 06:07:18'),('PAM101','DR PUCKS/COMOLINA',NULL,NULL,7,NULL,0.00,NULL,0.00,0.00,0.00,0.00,0.00,0.00,0.00,0.00,'P7',NULL,NULL,NULL,NULL,NULL,NULL,NULL,NULL,NULL,'tenant1','System',NULL,'PAM101','2022-04-21 06:07:18','2022-04-21 06:07:18'),('PAT101','PATACHOU PATISSERIE (PTY) LTD',NULL,NULL,30,NULL,8301.21,NULL,16602.42,13281.94,18262.66,23243.39,28224.11,1660.24,830.12,8301.21,'P30',NULL,NULL,NULL,NULL,NULL,NULL,NULL,NULL,NULL,'tenant1','System',NULL,'PAT101','2022-04-21 06:07:18','2022-04-21 06:07:18'),('REV101','REVIEWKING (PTY) LTD',NULL,NULL,30,NULL,40919.90,NULL,20459.95,6137.99,24551.94,30689.93,38873.91,4091.99,26597.94,40919.90,'P30',NULL,NULL,NULL,NULL,NULL,NULL,NULL,NULL,NULL,'tenant1','System',NULL,'REV101','2022-04-21 06:07:18','2022-04-21 06:07:18'),('RNS101','RADIO NETWORK SOLUTIONS','2017-12-11 00:00:00',NULL,30,NULL,0.00,NULL,0.00,0.00,0.00,0.00,0.00,0.00,0.00,0.00,'P30',NULL,NULL,NULL,NULL,NULL,NULL,NULL,NULL,NULL,'tenant1','System',NULL,'RNS101','2022-04-21 06:07:18','2022-04-21 06:07:18'),('SAI102','SAICOM VOICE SERVICES (PTY) LTD','2017-05-22 00:00:00',NULL,30,NULL,7116.00,NULL,14232.00,11385.60,15655.20,19924.80,24194.40,1423.20,711.60,7116.00,'P30',NULL,NULL,NULL,NULL,NULL,NULL,NULL,NULL,NULL,'tenant1','System',NULL,'SAI102','2022-04-21 06:07:18','2022-04-21 06:07:18'),('SIB210','PAUL USIRI',NULL,NULL,0,NULL,6469.35,NULL,3234.68,970.40,3881.61,4852.01,6145.88,646.94,4205.08,6469.35,'DO',NULL,NULL,NULL,NULL,NULL,NULL,NULL,NULL,NULL,'tenant1','System',NULL,'SIB210','2022-04-21 06:07:18','2022-04-21 06:07:18'),('SLI035','LYNETTE WATSON',NULL,NULL,0,NULL,5227.20,NULL,5227.20,0.00,6795.36,8363.52,1045.44,2613.60,9199.87,5227.20,'DO',NULL,NULL,NULL,NULL,NULL,NULL,NULL,NULL,NULL,'tenant1','System',NULL,'SLI035','2022-04-21 06:07:18','2022-04-21 06:07:18'),('SUP104','SUPERSPORT INTERNATIONAL',NULL,NULL,NULL,NULL,9348.00,NULL,18696.00,14956.80,20565.60,26174.40,31783.20,1869.60,934.80,9348.00,NULL,NULL,NULL,NULL,NULL,NULL,NULL,NULL,NULL,NULL,'tenant1','System',NULL,'SUP104','2022-04-21 06:07:18','2022-04-21 06:07:18'),('TLA141','FARREN PRETORIUS',NULL,NULL,0,NULL,8202.00,NULL,4101.00,1230.30,4921.20,6151.50,7791.90,820.20,5331.30,8202.00,'DO',NULL,NULL,NULL,NULL,NULL,NULL,NULL,NULL,NULL,'tenant1','System',NULL,'TLA141','2022-04-21 06:07:18','2022-04-21 06:07:18'),('TW0113','OSENI SAMUEL','2017-12-02 00:00:00',NULL,0,NULL,8634.10,NULL,8634.10,0.00,11224.33,13814.56,1726.82,4317.05,15196.02,8634.10,'DO',NULL,NULL,NULL,NULL,NULL,NULL,NULL,NULL,NULL,'tenant1','System',NULL,'TW0113','2022-04-21 06:07:18','2022-04-21 06:07:18'),('TW0247','RAJI MOSHOOD KOLAWOLE',NULL,NULL,7,NULL,5131.25,NULL,10262.50,8210.00,11288.75,14367.50,17446.25,1026.25,513.13,5131.25,'P7',NULL,NULL,NULL,NULL,NULL,NULL,NULL,NULL,NULL,'tenant1','System',NULL,'TW0247','2022-04-21 06:07:18','2022-04-21 06:07:18'),('TWA292','MATTHEW PEARCE','2018-02-01 00:00:00',NULL,0,NULL,5495.00,NULL,2747.50,824.25,3297.00,4121.25,5220.25,549.50,3571.75,5495.00,'DO',NULL,NULL,NULL,NULL,NULL,NULL,NULL,NULL,NULL,'tenant1','System',NULL,'TWA292','2022-04-21 06:07:18','2022-04-21 06:07:18');
/*!40000 ALTER TABLE `tbl_accounts` ENABLE KEYS */;
UNLOCK TABLES;
/*!50003 SET @saved_cs_client      = @@character_set_client */ ;
/*!50003 SET @saved_cs_results     = @@character_set_results */ ;
/*!50003 SET @saved_col_connection = @@collation_connection */ ;
/*!50003 SET character_set_client  = utf8mb4 */ ;
/*!50003 SET character_set_results = utf8mb4 */ ;
/*!50003 SET collation_connection  = utf8mb4_0900_ai_ci */ ;
/*!50003 SET @saved_sql_mode       = @@sql_mode */ ;
/*!50003 SET sql_mode              = 'ONLY_FULL_GROUP_BY,STRICT_TRANS_TABLES,NO_ZERO_IN_DATE,NO_ZERO_DATE,ERROR_FOR_DIVISION_BY_ZERO,NO_ENGINE_SUBSTITUTION' */ ;
DELIMITER ;;
/*!50003 CREATE*/ /*!50017 DEFINER=`root`@`localhost`*/ /*!50003 TRIGGER `tbl_accounts_tenant_trigger` BEFORE INSERT ON `tbl_accounts` FOR EACH ROW SET new.tenant = SUBSTRING_INDEX(USER(), '@', 1) */;;
DELIMITER ;
/*!50003 SET sql_mode              = @saved_sql_mode */ ;
/*!50003 SET character_set_client  = @saved_cs_client */ ;
/*!50003 SET character_set_results = @saved_cs_results */ ;
/*!50003 SET collation_connection  = @saved_col_connection */ ;

--
-- Table structure for table `tbl_cases`
--

DROP TABLE IF EXISTS `tbl_cases`;
/*!40101 SET @saved_cs_client     = @@character_set_client */;
/*!50503 SET character_set_client = utf8mb4 */;
CREATE TABLE `tbl_cases` (
  `caseNumber` varchar(255) NOT NULL,
  `currentAssignment` varchar(255) DEFAULT NULL,
  `initialAssignment` varchar(255) DEFAULT NULL,
  `caseNotes` varchar(255) DEFAULT NULL,
  `kamNotes` varchar(255) DEFAULT NULL,
  `currentStatus` varchar(255) DEFAULT NULL,
  `pendReason` varchar(255) DEFAULT NULL,
  `resolution` varchar(255) DEFAULT NULL,
  `caseReason` varchar(255) DEFAULT NULL,
  `createdBy` varchar(255) NOT NULL,
  `lockedDatetime` datetime DEFAULT NULL,
  `reopenedDate` datetime DEFAULT NULL,
  `reopenedBy` varchar(255) DEFAULT NULL,
  `nextVisitDateTime` datetime DEFAULT NULL,
  `reassignedDate` datetime DEFAULT NULL,
  `reassignedBy` varchar(255) DEFAULT NULL,
  `updatedBy` varchar(255) DEFAULT NULL,
  `tenant` varchar(255) NOT NULL,
  `f_accountNumber` varchar(255) DEFAULT NULL,
  `createdAt` datetime NOT NULL,
  `updatedAt` datetime NOT NULL,
  PRIMARY KEY (`caseNumber`),
  KEY `f_accountNumber` (`f_accountNumber`),
  CONSTRAINT `tbl_cases_ibfk_1` FOREIGN KEY (`f_accountNumber`) REFERENCES `tbl_accounts` (`accountNumber`) ON DELETE CASCADE ON UPDATE CASCADE
) ENGINE=InnoDB DEFAULT CHARSET=utf8mb4 COLLATE=utf8mb4_0900_ai_ci;
/*!40101 SET character_set_client = @saved_cs_client */;

--
-- Dumping data for table `tbl_cases`
--

LOCK TABLES `tbl_cases` WRITE;
/*!40000 ALTER TABLE `tbl_cases` DISABLE KEYS */;
INSERT INTO `tbl_cases` VALUES ('1','eugener@sabco.za.com',NULL,NULL,NULL,'Closed',NULL,NULL,NULL,'robson@sabco.za.com',NULL,NULL,NULL,'2020-08-05 09:00:00',NULL,NULL,'eugener@sabco.za.com','tenant1','3RD101','2020-07-27 08:00:01','2022-04-21 06:08:00'),('10','eugener@sabco.za.com',NULL,'https://www.capricorn.com.na/Lists/ContactUs/NewCustomFormModal.aspx?Source=/',NULL,'Closed',NULL,NULL,NULL,'robson@sabco.za.com',NULL,NULL,NULL,'2020-08-05 09:00:00',NULL,NULL,'eugener@sabco.za.com','tenant1','CAP104','2020-07-27 08:00:10','2022-04-21 06:08:00'),('11','eugener@sabco.za.com',NULL,'Multiple companies with similar name. Central Park Homeowners Assoc.stopped being managed by Trafalgar in 2012. Now Im tracking Stonewood Property Management',NULL,'Open',NULL,NULL,NULL,'robson@sabco.za.com',NULL,NULL,NULL,'2020-08-05 09:00:00',NULL,NULL,'eugener@sabco.za.com','tenant1','CEN102','2020-07-27 08:00:11','2022-04-21 06:08:00'),('12','eugener@sabco.za.com',NULL,NULL,NULL,'Closed',NULL,NULL,NULL,'robson@sabco.za.com',NULL,NULL,NULL,'2020-08-05 09:00:00',NULL,NULL,'eugener@sabco.za.com','tenant1','CH0243','2020-07-27 08:00:12','2022-04-21 06:08:00'),('13','eugener@sabco.za.com',NULL,'GUO DONG RICHARD JIANG, 910120XXXX08X',NULL,'Open',NULL,NULL,NULL,'robson@sabco.za.com',NULL,NULL,NULL,'2020-08-05 09:00:00',NULL,NULL,'eugener@sabco.za.com','tenant1','CJS101','2020-07-27 08:00:13','2022-04-21 06:08:00'),('14','eugener@sabco.za.com',NULL,NULL,NULL,'Closed',NULL,NULL,NULL,'robson@sabco.za.com',NULL,NULL,NULL,'2020-08-05 09:00:00',NULL,NULL,'eugener@sabco.za.com','tenant1','COA101','2020-07-27 08:00:14','2022-04-21 06:08:00'),('15','eugener@sabco.za.com',NULL,'JOOSTE ANDRE JACOBUS Director | DIEDERICKS, ROELOF FREDERIK Director | BUTSCHI, PAUL Director | REES-GIBBS, SHANE VICTOR Director',NULL,'Closed',NULL,NULL,NULL,'robson@sabco.za.com',NULL,NULL,NULL,'2020-08-05 09:00:00',NULL,NULL,'eugener@sabco.za.com','tenant1','COO104','2020-07-27 08:00:15','2022-04-21 06:08:00'),('16','eugener@sabco.za.com',NULL,'LANCELOT DENHERE, 700414XXXX08X | CHEGETAI BRIAN GUMBEZE, FN172795',NULL,'Open',NULL,NULL,NULL,'robson@sabco.za.com',NULL,NULL,NULL,'2020-08-05 09:00:00',NULL,NULL,'eugener@sabco.za.com','tenant1','DGH101','2020-07-27 08:00:16','2022-04-21 06:08:00'),('17','eugener@sabco.za.com',NULL,NULL,NULL,'Closed',NULL,NULL,NULL,'robson@sabco.za.com',NULL,NULL,NULL,'2020-08-05 09:00:00',NULL,NULL,'eugener@sabco.za.com','tenant1','DOR101','2020-07-27 08:00:17','2022-04-21 06:08:00'),('18','eugener@sabco.za.com',NULL,NULL,NULL,'Closed',NULL,NULL,NULL,'robson@sabco.za.com',NULL,NULL,NULL,'2020-08-05 09:00:00',NULL,NULL,'eugener@sabco.za.com','tenant1','DV1144','2020-07-27 08:00:18','2022-04-21 06:08:00'),('19','eugener@sabco.za.com',NULL,NULL,NULL,'Closed',NULL,NULL,NULL,'robson@sabco.za.com',NULL,NULL,NULL,'2020-08-05 09:00:00',NULL,NULL,'eugener@sabco.za.com','tenant1','GAT101','2020-07-27 08:00:19','2022-04-21 06:08:00'),('2','eugener@sabco.za.com',NULL,NULL,NULL,'Closed',NULL,NULL,NULL,'robson@sabco.za.com',NULL,NULL,NULL,'2020-08-05 09:00:00',NULL,NULL,'eugener@sabco.za.com','tenant1','5OH012','2020-07-27 08:00:02','2022-04-21 06:08:00'),('20','eugener@sabco.za.com',NULL,NULL,NULL,'Closed',NULL,NULL,NULL,'robson@sabco.za.com',NULL,NULL,NULL,'2020-08-05 09:00:00',NULL,NULL,'eugener@sabco.za.com','tenant1','GRA078','2020-07-27 08:00:20','2022-04-21 06:08:00'),('21','eugener@sabco.za.com',NULL,NULL,NULL,'Closed',NULL,NULL,NULL,'robson@sabco.za.com',NULL,NULL,NULL,'2020-08-05 09:00:00',NULL,NULL,'eugener@sabco.za.com','tenant1','GRA297','2020-07-28 08:00:20','2022-04-21 06:08:00'),('22','eugener@sabco.za.com',NULL,NULL,NULL,'Closed',NULL,NULL,NULL,'robson@sabco.za.com',NULL,NULL,NULL,'2020-08-05 09:00:00',NULL,NULL,'eugener@sabco.za.com','tenant1','GRA586','2020-07-28 08:00:25','2022-04-21 06:08:00'),('23','eugener@sabco.za.com',NULL,NULL,NULL,'Closed',NULL,NULL,NULL,'robson@sabco.za.com',NULL,NULL,NULL,'2020-08-05 09:00:00',NULL,NULL,'eugener@sabco.za.com','tenant1','GRO101','2020-07-28 08:00:29','2022-04-21 06:08:00'),('24','eugener@sabco.za.com',NULL,'Name not found on CIPC records. Website is https://menusonline.co.za/huamin-chinese-takeaway-and-sushi-bar-emmarentia/menu/  .service is active - suspend and force client to contract afresh',NULL,'Closed',NULL,NULL,NULL,'robson@sabco.za.com',NULL,NULL,NULL,'2020-08-05 09:00:00',NULL,NULL,'eugener@sabco.za.com','tenant1','HUA101','2020-07-28 08:00:34','2022-04-21 06:08:00'),('25','eugener@sabco.za.com',NULL,NULL,NULL,'Closed',NULL,NULL,NULL,'robson@sabco.za.com',NULL,NULL,NULL,'2020-08-05 09:00:00',NULL,NULL,'eugener@sabco.za.com','tenant1','HVB101','2020-07-28 08:00:39','2022-04-21 06:08:00'),('26','eugener@sabco.za.com',NULL,NULL,NULL,'Closed',NULL,NULL,NULL,'robson@sabco.za.com',NULL,NULL,NULL,'2020-08-05 09:00:00',NULL,NULL,'eugener@sabco.za.com','tenant1','ILK101','2020-07-28 08:00:44','2022-04-21 06:08:00'),('27','eugener@sabco.za.com',NULL,'Account is either for Entimex Education (https://www.entimex.com/contact/) or Imagine IPS (https://www.imagine.co.za/)',NULL,'Closed',NULL,NULL,NULL,'robson@sabco.za.com',NULL,NULL,NULL,'2020-08-05 09:00:00',NULL,NULL,'eugener@sabco.za.com','tenant1','IMA102','2020-07-28 08:00:49','2022-04-21 06:08:00'),('28','eugener@sabco.za.com',NULL,NULL,NULL,'Closed',NULL,NULL,NULL,'robson@sabco.za.com',NULL,NULL,NULL,'2020-08-05 09:00:00',NULL,NULL,'eugener@sabco.za.com','tenant1','INT103','2020-07-28 08:00:54','2022-04-21 06:08:00'),('29','eugener@sabco.za.com',NULL,NULL,NULL,'Closed',NULL,NULL,NULL,'robson@sabco.za.com',NULL,NULL,NULL,'2020-08-05 09:00:00',NULL,NULL,'eugener@sabco.za.com','tenant1','JAB101','2020-07-28 08:00:59','2022-04-21 06:08:00'),('3','eugener@sabco.za.com',NULL,'Try and Trace Archie Cassim. Possible Owner. Previous email was a360cloud.com',NULL,'Closed',NULL,NULL,NULL,'robson@sabco.za.com',NULL,NULL,NULL,'2020-08-05 09:00:00',NULL,NULL,'eugener@sabco.za.com','tenant1','AEO101','2020-07-27 08:00:03','2022-04-21 06:08:00'),('30','eugener@sabco.za.com',NULL,'No contract once off invoice',NULL,'Closed',NULL,NULL,NULL,'robson@sabco.za.com',NULL,NULL,NULL,'2020-08-05 09:00:00',NULL,NULL,'eugener@sabco.za.com','tenant1','LBV001','2020-07-28 08:01:04','2022-04-21 06:08:00'),('31','eugener@sabco.za.com',NULL,NULL,NULL,'Closed',NULL,NULL,NULL,'robson@sabco.za.com',NULL,NULL,NULL,'2020-08-05 09:00:00',NULL,NULL,'eugener@sabco.za.com','tenant1','MCC104','2020-07-28 08:01:09','2022-04-21 06:08:00'),('32','eugener@sabco.za.com',NULL,'SIMPLYFAI - reg name is IGROUP SOLUTIONS',NULL,'Closed',NULL,NULL,NULL,'robson@sabco.za.com',NULL,NULL,NULL,'2020-08-05 09:00:00',NULL,NULL,'eugener@sabco.za.com','tenant1','MLS101','2020-07-28 08:01:14','2022-04-21 06:08:00'),('33','eugener@sabco.za.com',NULL,'LOURENS VAN RENSBURG, 690318XXXX08X | VAN DER WESTHUIZEN JACQUES HENRY, 731214XXXX08X',NULL,'Closed',NULL,NULL,NULL,'robson@sabco.za.com',NULL,NULL,NULL,'2020-08-05 09:00:00',NULL,NULL,'eugener@sabco.za.com','tenant1','MON101','2020-07-28 08:01:19','2022-04-21 06:08:00'),('34','eugener@sabco.za.com',NULL,NULL,NULL,'Open',NULL,NULL,NULL,'robson@sabco.za.com',NULL,NULL,NULL,'2020-08-05 09:00:00',NULL,NULL,'eugener@sabco.za.com','tenant1','MOS103','2020-07-28 08:01:24','2022-04-21 06:08:00'),('35','eugener@sabco.za.com',NULL,NULL,NULL,'Open',NULL,NULL,NULL,'robson@sabco.za.com',NULL,NULL,NULL,'2020-08-05 09:00:00',NULL,NULL,'eugener@sabco.za.com','tenant1','MYE046','2020-07-28 08:01:29','2022-04-21 06:08:00'),('36','eugener@sabco.za.com',NULL,'To be handed back to SADV. Do not action',NULL,'Closed',NULL,NULL,NULL,'robson@sabco.za.com',NULL,NULL,NULL,'2020-08-05 09:00:00',NULL,NULL,'eugener@sabco.za.com','tenant1','NEP101','2020-07-28 08:01:34','2022-04-21 06:08:00'),('37','eugener@sabco.za.com',NULL,'NKANYISO ICT (See Bureau report for Bukosini)',NULL,'Open',NULL,NULL,NULL,'robson@sabco.za.com',NULL,NULL,NULL,'2020-08-05 09:00:00',NULL,NULL,'eugener@sabco.za.com','tenant1','NKA101','2020-07-28 08:01:39','2022-04-21 06:08:00'),('38','eugener@sabco.za.com',NULL,'NOT ON CRM/NO INFO ON ANY SYSTEM.. https://www.vdsgroup.co.za/ one logix vds in kempton park, 46 tulbach road - does vehicle delivery services - 011 396 9040',NULL,'Open',NULL,NULL,NULL,'robson@sabco.za.com',NULL,NULL,NULL,'2020-08-05 09:00:00',NULL,NULL,'eugener@sabco.za.com','tenant1','ONE201','2020-07-28 08:01:44','2022-04-21 06:08:00'),('39','eugener@sabco.za.com',NULL,'Contract signed by Pam Golding representative.\r\nThe unsigned/not accepted quote is made out to COMOLINA SA (Pty) ltd 2012/166767/07 for wifi access point at Unit 115 Forty on Oak, Melrose Arch. Dlamini Ndihuwo would have signed',NULL,'Open',NULL,NULL,NULL,'robson@sabco.za.com',NULL,NULL,NULL,'2020-08-05 09:00:00',NULL,NULL,'eugener@sabco.za.com','tenant1','PAM101','2020-07-28 08:01:49','2022-04-21 06:08:00'),('4','eugener@sabco.za.com',NULL,'ARNAV JHUNJHUNWALA - ID Z3664792',NULL,'Closed',NULL,NULL,NULL,'robson@sabco.za.com',NULL,NULL,NULL,'2020-07-28 09:00:00',NULL,NULL,'eugener@sabco.za.com','tenant1','AIM101','2020-07-27 08:00:04','2022-04-21 06:08:00'),('40','eugener@sabco.za.com',NULL,NULL,NULL,'Open',NULL,NULL,NULL,'robson@sabco.za.com',NULL,NULL,NULL,'2020-08-05 09:00:00',NULL,NULL,'eugener@sabco.za.com','tenant1','PAT101','2020-07-29 08:00:38','2022-04-21 06:08:00'),('41','eugener@sabco.za.com',NULL,'WENTZEL, LINCOLN PATRICK Director',NULL,'Open',NULL,NULL,NULL,'robson@sabco.za.com',NULL,NULL,NULL,'2020-08-05 09:00:00',NULL,NULL,'eugener@sabco.za.com','tenant1','REV101','2020-07-29 08:00:52','2022-04-21 06:08:00'),('42','eugener@sabco.za.com',NULL,NULL,NULL,'Open',NULL,NULL,NULL,'robson@sabco.za.com',NULL,NULL,NULL,'2020-08-05 09:00:00',NULL,NULL,'eugener@sabco.za.com','tenant1','RNS101','2020-07-29 08:01:05','2022-04-21 06:08:00'),('43','eugener@sabco.za.com',NULL,NULL,NULL,'Open',NULL,NULL,NULL,'robson@sabco.za.com',NULL,NULL,NULL,'2020-08-05 09:00:00',NULL,NULL,'eugener@sabco.za.com','tenant1','SAI102','2020-07-29 08:01:19','2022-04-21 06:08:00'),('44','eugener@sabco.za.com',NULL,'2 Passports',NULL,'Open',NULL,NULL,NULL,'robson@sabco.za.com',NULL,NULL,NULL,'2020-08-05 09:00:00',NULL,NULL,'eugener@sabco.za.com','tenant1','SIB210','2020-07-29 08:01:33','2022-04-21 06:08:00'),('45','eugener@sabco.za.com',NULL,NULL,NULL,'Open',NULL,NULL,NULL,'robson@sabco.za.com',NULL,NULL,NULL,'2020-08-05 09:00:00',NULL,NULL,'eugener@sabco.za.com','tenant1','SLI035','2020-07-29 08:01:47','2022-04-21 06:08:00'),('46','eugener@sabco.za.com',NULL,'2separate companies of same name with same directors & address',NULL,'Open',NULL,NULL,NULL,'robson@sabco.za.com',NULL,NULL,NULL,'2020-08-05 09:00:00',NULL,NULL,'eugener@sabco.za.com','tenant1','SUP104','2020-07-29 08:02:01','2022-04-21 06:08:00'),('47','eugener@sabco.za.com',NULL,NULL,NULL,'Open',NULL,NULL,NULL,'robson@sabco.za.com',NULL,NULL,NULL,'2020-08-05 09:00:00',NULL,NULL,'eugener@sabco.za.com','tenant1','TLA141','2020-07-29 08:02:15','2022-04-21 06:08:00'),('48','eugener@sabco.za.com',NULL,NULL,NULL,'Open',NULL,NULL,NULL,'robson@sabco.za.com',NULL,NULL,NULL,'2020-08-05 09:00:00',NULL,NULL,'eugener@sabco.za.com','tenant1','TW0113','2020-07-29 08:02:29','2022-04-21 06:08:00'),('49','eugener@sabco.za.com',NULL,NULL,NULL,'Open',NULL,NULL,NULL,'robson@sabco.za.com',NULL,NULL,NULL,'2020-08-05 09:00:00',NULL,NULL,'eugener@sabco.za.com','tenant1','TW0247','2020-07-29 08:02:43','2022-04-21 06:08:00'),('5','eugener@sabco.za.com',NULL,NULL,NULL,'Closed',NULL,NULL,NULL,'robson@sabco.za.com',NULL,NULL,NULL,'2020-08-05 09:00:00',NULL,NULL,'eugener@sabco.za.com','tenant1','ALJ101','2020-07-27 08:00:05','2022-04-21 06:08:00'),('50','eugener@sabco.za.com',NULL,NULL,NULL,'Open',NULL,NULL,NULL,'robson@sabco.za.com',NULL,NULL,NULL,'2020-08-05 09:00:00',NULL,NULL,'eugener@sabco.za.com','tenant1','TWA292','2020-07-29 08:02:57','2022-04-21 06:08:00'),('6','eugener@sabco.za.com',NULL,NULL,NULL,'Closed',NULL,NULL,NULL,'robson@sabco.za.com',NULL,NULL,NULL,'2020-08-05 09:00:00',NULL,NULL,'eugener@sabco.za.com','tenant1','ATT102','2020-07-27 08:00:06','2022-04-21 06:08:00'),('7','eugener@sabco.za.com',NULL,NULL,NULL,'Closed',NULL,NULL,NULL,'robson@sabco.za.com',NULL,NULL,NULL,'2020-08-05 09:00:00',NULL,NULL,'eugener@sabco.za.com','tenant1','BAC101','2020-07-27 08:00:07','2022-04-21 06:08:00'),('8','eugener@sabco.za.com',NULL,'ZORAN PECELJ, 681023XXXX08X | DIMITRIOS ARVANITIS, 560820XXX08X',NULL,'Closed',NULL,NULL,NULL,'robson@sabco.za.com',NULL,NULL,NULL,'2020-08-05 09:00:00',NULL,NULL,'eugener@sabco.za.com','tenant1','BBQ101','2020-07-27 08:00:08','2022-04-21 06:08:00'),('9','eugener@sabco.za.com',NULL,NULL,NULL,'Closed',NULL,NULL,NULL,'robson@sabco.za.com',NULL,NULL,NULL,'2020-08-05 09:00:00',NULL,NULL,'eugener@sabco.za.com','tenant1','BON102','2020-07-27 08:00:09','2022-04-21 06:08:00');
/*!40000 ALTER TABLE `tbl_cases` ENABLE KEYS */;
UNLOCK TABLES;
/*!50003 SET @saved_cs_client      = @@character_set_client */ ;
/*!50003 SET @saved_cs_results     = @@character_set_results */ ;
/*!50003 SET @saved_col_connection = @@collation_connection */ ;
/*!50003 SET character_set_client  = utf8mb4 */ ;
/*!50003 SET character_set_results = utf8mb4 */ ;
/*!50003 SET collation_connection  = utf8mb4_0900_ai_ci */ ;
/*!50003 SET @saved_sql_mode       = @@sql_mode */ ;
/*!50003 SET sql_mode              = 'ONLY_FULL_GROUP_BY,STRICT_TRANS_TABLES,NO_ZERO_IN_DATE,NO_ZERO_DATE,ERROR_FOR_DIVISION_BY_ZERO,NO_ENGINE_SUBSTITUTION' */ ;
DELIMITER ;;
/*!50003 CREATE*/ /*!50017 DEFINER=`root`@`localhost`*/ /*!50003 TRIGGER `tbl_cases_tenant_trigger` BEFORE INSERT ON `tbl_cases` FOR EACH ROW SET new.tenant = SUBSTRING_INDEX(USER(), '@', 1) */;;
DELIMITER ;
/*!50003 SET sql_mode              = @saved_sql_mode */ ;
/*!50003 SET character_set_client  = @saved_cs_client */ ;
/*!50003 SET character_set_results = @saved_cs_results */ ;
/*!50003 SET collation_connection  = @saved_col_connection */ ;

--
-- Table structure for table `tbl_clients`
--

DROP TABLE IF EXISTS `tbl_clients`;
/*!40101 SET @saved_cs_client     = @@character_set_client */;
/*!50503 SET character_set_client = utf8mb4 */;
CREATE TABLE `tbl_clients` (
  `id` int NOT NULL AUTO_INCREMENT,
  `clientName` varchar(255) NOT NULL,
  `tenant` varchar(255) NOT NULL,
  `passwordHash` varchar(255) NOT NULL,
  `createdBy` varchar(255) NOT NULL,
  `updatedBy` varchar(255) DEFAULT NULL,
  `createdAt` datetime NOT NULL,
  `updatedAt` datetime NOT NULL,
  PRIMARY KEY (`id`)
) ENGINE=InnoDB AUTO_INCREMENT=2 DEFAULT CHARSET=utf8mb4 COLLATE=utf8mb4_0900_ai_ci;
/*!40101 SET character_set_client = @saved_cs_client */;

--
-- Dumping data for table `tbl_clients`
--

LOCK TABLES `tbl_clients` WRITE;
/*!40000 ALTER TABLE `tbl_clients` DISABLE KEYS */;
INSERT INTO `tbl_clients` VALUES (1,'MIE','tenant1','aaa','Darryll','Darryll','2022-04-19 15:46:00','2022-04-19 15:46:00');
/*!40000 ALTER TABLE `tbl_clients` ENABLE KEYS */;
UNLOCK TABLES;

--
-- Table structure for table `tbl_contacts`
--

DROP TABLE IF EXISTS `tbl_contacts`;
/*!40101 SET @saved_cs_client     = @@character_set_client */;
/*!50503 SET character_set_client = utf8mb4 */;
CREATE TABLE `tbl_contacts` (
  `id` int NOT NULL AUTO_INCREMENT,
  `primaryContactName` varchar(255) DEFAULT NULL,
  `primaryContactNumber` varchar(255) DEFAULT NULL,
  `primaryContactEmail` varchar(255) DEFAULT NULL,
  `representativeName` varchar(255) DEFAULT NULL,
  `representativeNumber` varchar(255) DEFAULT NULL,
  `representativeEmail` varchar(255) DEFAULT NULL,
  `alternativeRepName` varchar(255) DEFAULT NULL,
  `alternativeRepNumber` varchar(255) DEFAULT NULL,
  `alternativeRepEmail` varchar(255) DEFAULT NULL,
  `otherNumber1` varchar(255) DEFAULT NULL,
  `otherNumber2` varchar(255) DEFAULT NULL,
  `otherNumber3` varchar(255) DEFAULT NULL,
  `otherNumber4` varchar(255) DEFAULT NULL,
  `otherNumber5` varchar(255) DEFAULT NULL,
  `otherNumber6` varchar(255) DEFAULT NULL,
  `otherNumber7` varchar(255) DEFAULT NULL,
  `otherNumber8` varchar(255) DEFAULT NULL,
  `otherNumber9` varchar(255) DEFAULT NULL,
  `otherNumber10` varchar(255) DEFAULT NULL,
  `otherEmail1` varchar(255) DEFAULT NULL,
  `otherEmail2` varchar(255) DEFAULT NULL,
  `otherEmail3` varchar(255) DEFAULT NULL,
  `otherEmail4` varchar(255) DEFAULT NULL,
  `otherEmail5` varchar(255) DEFAULT NULL,
  `otherEmail6` varchar(255) DEFAULT NULL,
  `otherEmail7` varchar(255) DEFAULT NULL,
  `otherEmail8` varchar(255) DEFAULT NULL,
  `otherEmail9` varchar(255) DEFAULT NULL,
  `otherEmail10` varchar(255) DEFAULT NULL,
  `dnc1` varchar(255) DEFAULT NULL,
  `dnc2` varchar(255) DEFAULT NULL,
  `dnc3` varchar(255) DEFAULT NULL,
  `dnc4` varchar(255) DEFAULT NULL,
  `dnc5` varchar(255) DEFAULT NULL,
  `updatedBy` varchar(255) DEFAULT NULL,
  `tenant` varchar(255) NOT NULL,
  `f_accountNumber` varchar(255) DEFAULT NULL,
  `createdAt` datetime NOT NULL,
  `updatedAt` datetime NOT NULL,
  PRIMARY KEY (`id`),
  KEY `f_accountNumber` (`f_accountNumber`),
  CONSTRAINT `tbl_contacts_ibfk_1` FOREIGN KEY (`f_accountNumber`) REFERENCES `tbl_accounts` (`accountNumber`) ON DELETE CASCADE ON UPDATE CASCADE
) ENGINE=InnoDB AUTO_INCREMENT=51 DEFAULT CHARSET=utf8mb4 COLLATE=utf8mb4_0900_ai_ci;
/*!40101 SET character_set_client = @saved_cs_client */;

--
-- Dumping data for table `tbl_contacts`
--

LOCK TABLES `tbl_contacts` WRITE;
/*!40000 ALTER TABLE `tbl_contacts` DISABLE KEYS */;
INSERT INTO `tbl_contacts` VALUES (1,NULL,'0113808099',NULL,'RINA VAN DER WESTHUIZEN','0745337046','rina@bbkih.com',NULL,NULL,NULL,NULL,NULL,NULL,NULL,NULL,NULL,NULL,NULL,NULL,NULL,'noah@bbkih.com',NULL,NULL,NULL,NULL,NULL,NULL,NULL,NULL,NULL,NULL,NULL,NULL,NULL,NULL,NULL,'tenant1','3RD101','2022-04-21 06:07:29','2022-04-21 06:07:29'),(2,NULL,NULL,'ndi.nelwamondo@pamgolding.co.za','JUERGEN SCHREIBER','0116842995',NULL,'Cindy de Beer',NULL,'cindy.debeer@pamgolding.co.za',NULL,NULL,NULL,NULL,NULL,NULL,NULL,NULL,NULL,NULL,NULL,NULL,NULL,NULL,NULL,NULL,NULL,NULL,NULL,NULL,NULL,NULL,NULL,NULL,NULL,NULL,'tenant1','5OH012','2022-04-21 06:07:29','2022-04-21 06:07:29'),(3,NULL,NULL,'support@a360.com',NULL,NULL,NULL,NULL,NULL,NULL,NULL,NULL,NULL,NULL,NULL,NULL,NULL,NULL,NULL,NULL,NULL,NULL,NULL,NULL,NULL,NULL,NULL,NULL,NULL,NULL,NULL,NULL,NULL,NULL,NULL,NULL,'tenant1','AEO101','2022-04-21 06:07:29','2022-04-21 06:07:29'),(4,NULL,NULL,'ss.matterinvestments@gmail.com',NULL,'0764231609',NULL,'Aman',NULL,'aman@matterinv.com',NULL,NULL,NULL,NULL,NULL,NULL,NULL,NULL,NULL,NULL,NULL,NULL,NULL,NULL,NULL,NULL,NULL,NULL,NULL,NULL,NULL,NULL,NULL,NULL,NULL,NULL,'tenant1','AIM101','2022-04-21 06:07:29','2022-04-21 06:07:29'),(5,NULL,NULL,NULL,'SCHEKTER',NULL,'schekter@urbanitelounge.co.za',NULL,NULL,NULL,NULL,NULL,NULL,NULL,NULL,NULL,NULL,NULL,NULL,NULL,NULL,NULL,NULL,NULL,NULL,NULL,NULL,NULL,NULL,NULL,'0790600367',NULL,NULL,NULL,NULL,NULL,'tenant1','ALJ101','2022-04-21 06:07:29','2022-04-21 06:07:29'),(6,NULL,NULL,NULL,'BRONWYN BOTHA','0828932387','bronwyn.botha@attooh.co.za',NULL,NULL,NULL,NULL,NULL,NULL,NULL,NULL,NULL,NULL,NULL,NULL,NULL,NULL,NULL,NULL,NULL,NULL,NULL,NULL,NULL,NULL,NULL,NULL,NULL,NULL,NULL,NULL,NULL,'tenant1','ATT102','2022-04-21 06:07:29','2022-04-21 06:07:29'),(7,NULL,NULL,NULL,'LUKE JOHN BACKOS','0836087774','luke.backos@piratemotors.co.za',NULL,NULL,NULL,NULL,NULL,NULL,NULL,NULL,NULL,NULL,NULL,NULL,NULL,NULL,NULL,NULL,NULL,NULL,NULL,NULL,NULL,NULL,NULL,NULL,NULL,NULL,NULL,NULL,NULL,'tenant1','BAC101','2022-04-21 06:07:29','2022-04-21 06:07:29'),(8,NULL,'0119531305',NULL,'Melody','0825557107','melody@arvanitis.co.za','ZORAN PECELJ',NULL,'stefanp@mweb.co.za',NULL,NULL,NULL,NULL,NULL,NULL,NULL,NULL,NULL,NULL,'ellis@arvanitis.co.za',NULL,NULL,NULL,NULL,NULL,NULL,NULL,NULL,NULL,NULL,NULL,NULL,NULL,NULL,NULL,'tenant1','BBQ101','2022-04-21 06:07:29','2022-04-21 06:07:29'),(9,NULL,NULL,NULL,'ALROY','0214621844','alroy@ccgosa.com',NULL,NULL,NULL,NULL,NULL,NULL,NULL,NULL,NULL,NULL,NULL,NULL,NULL,'invoices@ccgosa.com',NULL,NULL,NULL,NULL,NULL,NULL,NULL,NULL,NULL,NULL,NULL,NULL,NULL,NULL,NULL,'tenant1','BON102','2022-04-21 06:07:29','2022-04-21 06:07:29'),(10,NULL,NULL,NULL,'Josie Gubeon','082 772 0084',NULL,'KOBUS HOUGH','0823302075',NULL,NULL,NULL,NULL,NULL,NULL,NULL,NULL,NULL,NULL,NULL,' Jeconia.Kapia@capricorn.com.na','Nikola.Fahrbach@capricorn.com.na',NULL,NULL,NULL,NULL,NULL,NULL,NULL,NULL,NULL,NULL,NULL,NULL,NULL,NULL,'tenant1','CAP104','2022-04-21 06:07:29','2022-04-21 06:07:29'),(11,NULL,NULL,NULL,NULL,NULL,NULL,NULL,NULL,NULL,NULL,NULL,NULL,NULL,NULL,NULL,NULL,NULL,NULL,NULL,NULL,NULL,NULL,NULL,NULL,NULL,NULL,NULL,NULL,NULL,NULL,NULL,NULL,NULL,NULL,NULL,'tenant1','CEN102','2022-04-21 06:07:29','2022-04-21 06:07:29'),(12,NULL,NULL,NULL,'CHERISE ANSARA','0711539876','cherise@property-100.co.za',NULL,NULL,NULL,'0114650410','0795186568','0763317099','0114628622','0827251780',NULL,NULL,NULL,NULL,NULL,NULL,NULL,NULL,NULL,NULL,NULL,NULL,NULL,NULL,NULL,NULL,NULL,NULL,NULL,NULL,NULL,'tenant1','CH0243','2022-04-21 06:07:29','2022-04-21 06:07:29'),(13,NULL,NULL,NULL,NULL,NULL,NULL,NULL,NULL,NULL,NULL,NULL,NULL,NULL,NULL,NULL,NULL,NULL,NULL,NULL,NULL,NULL,NULL,NULL,NULL,NULL,NULL,NULL,NULL,NULL,NULL,NULL,NULL,NULL,NULL,NULL,'tenant1','CJS101','2022-04-21 06:07:29','2022-04-21 06:07:29'),(14,NULL,NULL,NULL,'SHAWN JOOSTE','0791081920','shawn@rockingconnect.co.za',NULL,NULL,NULL,NULL,NULL,NULL,NULL,NULL,NULL,NULL,NULL,NULL,NULL,NULL,NULL,NULL,NULL,NULL,NULL,NULL,NULL,NULL,NULL,NULL,NULL,NULL,NULL,NULL,NULL,'tenant1','COA101','2022-04-21 06:07:29','2022-04-21 06:07:29'),(15,NULL,NULL,NULL,'Michael van Onselen','0114474360','michael@coolideas.co.za',NULL,NULL,'michell@coolideas.co.za',NULL,NULL,NULL,NULL,NULL,NULL,NULL,NULL,NULL,NULL,NULL,NULL,NULL,NULL,NULL,NULL,NULL,NULL,NULL,NULL,NULL,NULL,NULL,NULL,NULL,NULL,'tenant1','COO104','2022-04-21 06:07:29','2022-04-21 06:07:29'),(16,NULL,NULL,NULL,NULL,NULL,NULL,NULL,NULL,NULL,NULL,NULL,NULL,NULL,NULL,NULL,NULL,NULL,NULL,NULL,NULL,NULL,NULL,NULL,NULL,NULL,NULL,NULL,NULL,NULL,NULL,NULL,NULL,NULL,NULL,NULL,'tenant1','DGH101','2022-04-21 06:07:29','2022-04-21 06:07:29'),(17,NULL,NULL,'accounts@dorondiamonds.co.za; ','Ben','0213003954','BEN@DORONDIAMONDS.CO.ZA',NULL,NULL,NULL,'0113347228',NULL,NULL,NULL,NULL,NULL,NULL,NULL,NULL,NULL,'info@dorondiamonds.co.za',NULL,NULL,NULL,NULL,NULL,NULL,NULL,NULL,NULL,NULL,NULL,NULL,NULL,NULL,NULL,'tenant1','DOR101','2022-04-21 06:07:29','2022-04-21 06:07:29'),(18,NULL,NULL,'candicezaaiman@gmail.com','CANDICE ZAAIMAN','0796759340','candice.paulus@gmail.com',NULL,NULL,NULL,NULL,NULL,NULL,NULL,NULL,NULL,NULL,NULL,NULL,NULL,NULL,NULL,NULL,NULL,NULL,NULL,NULL,NULL,NULL,NULL,NULL,NULL,NULL,NULL,NULL,NULL,'tenant1','DV1144','2022-04-21 06:07:29','2022-04-21 06:07:29'),(19,NULL,'0114826568',NULL,'RAHEEMA','0784239998','raheema@gattooattorneys.co.za',NULL,NULL,NULL,'0114826568',NULL,NULL,NULL,NULL,NULL,NULL,NULL,NULL,NULL,NULL,NULL,NULL,NULL,NULL,NULL,NULL,NULL,NULL,NULL,NULL,NULL,NULL,NULL,NULL,NULL,'tenant1','GAT101','2022-04-21 06:07:29','2022-04-21 06:07:29'),(20,NULL,NULL,NULL,'ODIEGWU TIMOTHY EKENE','0620414261',NULL,NULL,NULL,NULL,NULL,NULL,NULL,NULL,NULL,NULL,NULL,NULL,NULL,NULL,'ismaila0104@gmail.com',NULL,NULL,NULL,NULL,NULL,NULL,NULL,NULL,NULL,NULL,NULL,NULL,NULL,NULL,NULL,'tenant1','GRA078','2022-04-21 06:07:29','2022-04-21 06:07:29'),(21,NULL,NULL,'tk@joile.co.za','KIMENGWA NGAMBI','0731537419',NULL,NULL,NULL,NULL,NULL,NULL,NULL,NULL,NULL,NULL,NULL,NULL,NULL,NULL,'tk@torque.co.zm',NULL,NULL,NULL,NULL,NULL,NULL,NULL,NULL,NULL,NULL,NULL,NULL,NULL,NULL,NULL,'tenant1','GRA297','2022-04-21 06:07:29','2022-04-21 06:07:29'),(22,NULL,NULL,NULL,'KATE MODIMA BODIBA','0781430609','katemodima@gmail.com',NULL,NULL,NULL,NULL,NULL,NULL,NULL,NULL,NULL,NULL,NULL,NULL,NULL,NULL,NULL,NULL,NULL,NULL,NULL,NULL,NULL,NULL,NULL,NULL,NULL,NULL,NULL,NULL,NULL,'tenant1','GRA586','2022-04-21 06:07:29','2022-04-21 06:07:29'),(23,NULL,NULL,NULL,'ANGELIQUE STEENKAMP','0832826606','angelique@group7properties.co.za',NULL,NULL,NULL,NULL,NULL,NULL,NULL,NULL,NULL,NULL,NULL,NULL,NULL,'info@group7properties.co.za',NULL,NULL,NULL,NULL,NULL,NULL,NULL,NULL,NULL,NULL,NULL,NULL,NULL,NULL,NULL,'tenant1','GRO101','2022-04-21 06:07:29','2022-04-21 06:07:29'),(24,NULL,NULL,NULL,'KELLY WU','0725119556','kellywu2009@icloud.com',NULL,NULL,NULL,'0114863905',NULL,NULL,NULL,NULL,NULL,NULL,NULL,NULL,NULL,'kirsten.zellmer@unicreditgroup.co.za',NULL,NULL,NULL,NULL,NULL,NULL,NULL,NULL,NULL,NULL,NULL,NULL,NULL,NULL,NULL,'tenant1','HUA101','2022-04-21 06:07:29','2022-04-21 06:07:29'),(25,NULL,NULL,NULL,'Dr Christian Nagele','0829020114',NULL,NULL,NULL,NULL,'0823370836',NULL,NULL,NULL,NULL,NULL,NULL,NULL,NULL,NULL,NULL,NULL,NULL,NULL,NULL,NULL,NULL,NULL,NULL,NULL,NULL,NULL,NULL,NULL,NULL,NULL,'tenant1','HVB101','2022-04-21 06:07:29','2022-04-21 06:07:29'),(26,NULL,'0765589154',NULL,'RONEL PRETORIUS','0100203601','ronel@ilkafinance.co.za','Brandon/Raymond/Kenneth Scheepers','0820712165','brandon@ilkafinance.co.za','0799972150','0100201882','0765589154','0820712165',NULL,NULL,NULL,NULL,NULL,NULL,'kenneth@ilkafinance.co.za','raymond@ilkafinance.co.za','brandon@ilkafinance.co.za',NULL,NULL,NULL,NULL,NULL,NULL,NULL,NULL,NULL,NULL,NULL,NULL,NULL,'tenant1','ILK101','2022-04-21 06:07:29','2022-04-21 06:07:29'),(27,NULL,'0112147600',NULL,'Sabina Ramushu',NULL,'sabina@imagine.co.za','JANET LOTRIET','0112147600','accounts@entimex.com','0605647718','0605647719','0605647724','0105001200',NULL,NULL,NULL,NULL,NULL,NULL,'sales@imagine.co.za','helpdesk@imagine.co.za','jitesh.r@entimex.com','info@entimex.com',NULL,NULL,NULL,NULL,NULL,NULL,NULL,NULL,NULL,NULL,NULL,NULL,'tenant1','IMA102','2022-04-21 06:07:29','2022-04-21 06:07:29'),(28,NULL,NULL,'support@intdev.co.za','SUPPORT','0110822727',NULL,NULL,NULL,NULL,NULL,NULL,NULL,NULL,NULL,NULL,NULL,NULL,NULL,NULL,NULL,NULL,NULL,NULL,NULL,NULL,NULL,NULL,NULL,NULL,NULL,NULL,NULL,NULL,NULL,NULL,'tenant1','INT103','2022-04-21 06:07:29','2022-04-21 06:07:29'),(29,NULL,NULL,'invoices@jabfruit.co.za','JACO ROUX','0137472161',NULL,NULL,NULL,NULL,NULL,NULL,NULL,NULL,NULL,NULL,NULL,NULL,NULL,NULL,NULL,NULL,NULL,NULL,NULL,NULL,NULL,NULL,NULL,NULL,NULL,NULL,NULL,NULL,NULL,NULL,'tenant1','JAB101','2022-04-21 06:07:29','2022-04-21 06:07:29'),(30,NULL,'0827325125',NULL,'TANIA DU PLESSIS','0218829633','tania.dp.24@gmail.com',NULL,NULL,NULL,NULL,NULL,NULL,NULL,NULL,NULL,NULL,NULL,NULL,NULL,NULL,NULL,NULL,NULL,NULL,NULL,NULL,NULL,NULL,NULL,NULL,NULL,NULL,NULL,NULL,NULL,'tenant1','LBV001','2022-04-21 06:07:29','2022-04-21 06:07:29'),(31,NULL,NULL,NULL,'JUSTIN MCCALLUM','0845995032','justin@mackabel.co.za',NULL,NULL,NULL,NULL,NULL,NULL,NULL,NULL,NULL,NULL,NULL,NULL,NULL,NULL,NULL,NULL,NULL,NULL,NULL,NULL,NULL,NULL,NULL,NULL,NULL,NULL,NULL,NULL,NULL,'tenant1','MCC104','2022-04-21 06:07:29','2022-04-21 06:07:29'),(32,NULL,NULL,NULL,'CHANTELLE',NULL,NULL,NULL,NULL,NULL,'0105906200',NULL,NULL,NULL,NULL,NULL,NULL,NULL,NULL,NULL,'marc@aisimple.com','johanita@simplyfai.com',NULL,NULL,NULL,NULL,NULL,NULL,NULL,NULL,'0105906244',NULL,NULL,NULL,NULL,NULL,'tenant1','MLS101','2022-04-21 06:07:29','2022-04-21 06:07:29'),(33,NULL,NULL,NULL,'TIAAN PEENS','0636865022','tiaan@montagusnacks.co.za','Endri','0236141360','endri@montagusnacks.co.za',NULL,NULL,NULL,NULL,NULL,NULL,NULL,NULL,NULL,NULL,'Endri@mdfn.co.za','tiaan@mdfn.co.za',NULL,NULL,NULL,NULL,NULL,NULL,NULL,NULL,NULL,NULL,NULL,NULL,NULL,NULL,'tenant1','MON101','2022-04-21 06:07:29','2022-04-21 06:07:29'),(34,NULL,NULL,NULL,'MUTSI PHAKISO MOSOEU','0828174329','mutsim@nobolex.com',NULL,NULL,NULL,NULL,NULL,NULL,NULL,NULL,NULL,NULL,NULL,NULL,NULL,NULL,NULL,NULL,NULL,NULL,NULL,NULL,NULL,NULL,NULL,NULL,NULL,NULL,NULL,NULL,NULL,'tenant1','MOS103','2022-04-21 06:07:29','2022-04-21 06:07:29'),(35,NULL,NULL,NULL,'NIKALYE OLDJOHN','0734405505','Nikalyej@gmail.com',NULL,NULL,NULL,NULL,NULL,NULL,NULL,NULL,NULL,NULL,NULL,NULL,NULL,NULL,NULL,NULL,NULL,NULL,NULL,NULL,NULL,NULL,NULL,NULL,NULL,NULL,NULL,NULL,NULL,'tenant1','MYE046','2022-04-21 06:07:29','2022-04-21 06:07:29'),(36,NULL,NULL,'accounts@nepic.co.za','JAN KEYSER','0119797038',NULL,NULL,NULL,NULL,NULL,NULL,NULL,NULL,NULL,NULL,NULL,NULL,NULL,NULL,'denise@nepic.co.za','tarryn@nepic.co.za',NULL,NULL,NULL,NULL,NULL,NULL,NULL,NULL,NULL,NULL,NULL,NULL,NULL,NULL,'tenant1','NEP101','2022-04-21 06:07:29','2022-04-21 06:07:29'),(37,NULL,NULL,NULL,'PHUMLANI BUKOSINI','0718630543','phumlani@nkanyiso.co.za',NULL,NULL,NULL,NULL,NULL,NULL,NULL,NULL,NULL,NULL,NULL,NULL,NULL,NULL,NULL,NULL,NULL,NULL,NULL,NULL,NULL,NULL,NULL,NULL,NULL,NULL,NULL,NULL,NULL,'tenant1','NKA101','2022-04-21 06:07:29','2022-04-21 06:07:29'),(38,NULL,'0113969040',NULL,'LINDA GOVENDER',NULL,'linda.govender@vdsgroup.co.za',NULL,NULL,NULL,NULL,NULL,NULL,NULL,NULL,NULL,NULL,NULL,NULL,NULL,NULL,NULL,NULL,NULL,NULL,NULL,NULL,NULL,NULL,NULL,NULL,NULL,NULL,NULL,NULL,NULL,'tenant1','ONE201','2022-04-21 06:07:29','2022-04-21 06:07:29'),(39,NULL,'0116842996',NULL,'Onako',NULL,NULL,'Ndivhuwo Nelwamondo','0116842996','ndi.nelwamondo@pamgolding.co.za',NULL,NULL,NULL,NULL,NULL,NULL,NULL,NULL,NULL,NULL,NULL,NULL,NULL,NULL,NULL,NULL,NULL,NULL,NULL,NULL,NULL,NULL,NULL,NULL,NULL,NULL,'tenant1','PAM101','2022-04-21 06:07:29','2022-04-21 06:07:29'),(40,NULL,NULL,'accounts@patachou.co.za','Lloyd Barker','0118802610',NULL,NULL,NULL,NULL,NULL,NULL,NULL,NULL,NULL,NULL,NULL,NULL,NULL,NULL,NULL,NULL,NULL,NULL,NULL,NULL,NULL,NULL,NULL,NULL,NULL,NULL,NULL,NULL,NULL,NULL,'tenant1','PAT101','2022-04-21 06:07:29','2022-04-21 06:07:29'),(41,NULL,NULL,'sales@reviewking.co.za','Lincoln Wentzel','0786737791',NULL,NULL,NULL,NULL,NULL,NULL,NULL,NULL,NULL,NULL,NULL,NULL,NULL,NULL,'accounts@reviewking.co.za',NULL,NULL,NULL,NULL,NULL,NULL,NULL,NULL,NULL,NULL,NULL,NULL,NULL,NULL,NULL,'tenant1','REV101','2022-04-21 06:07:29','2022-04-21 06:07:29'),(42,NULL,'0824460199',NULL,'VANESSA','0117942227','vanessa@radionetworksolution.com',NULL,NULL,NULL,NULL,NULL,NULL,NULL,NULL,NULL,NULL,NULL,NULL,NULL,NULL,NULL,NULL,NULL,NULL,NULL,NULL,NULL,NULL,NULL,NULL,NULL,NULL,NULL,NULL,NULL,'tenant1','RNS101','2022-04-21 06:07:29','2022-04-21 06:07:29'),(43,NULL,NULL,'accounts@saicomvoice.co.za','ANNETTE SPRULES','0112830552','annette@saicomvoice.co.za',NULL,NULL,NULL,NULL,NULL,NULL,NULL,NULL,NULL,NULL,NULL,NULL,NULL,'mercy@saicomvoice.co.za',NULL,NULL,NULL,NULL,NULL,NULL,NULL,NULL,NULL,NULL,NULL,NULL,NULL,NULL,NULL,'tenant1','SAI102','2022-04-21 06:07:29','2022-04-21 06:07:29'),(44,NULL,NULL,NULL,'PAUL USIRI','0719313156','pusiri63@gmail.com',NULL,NULL,NULL,NULL,NULL,NULL,NULL,NULL,NULL,NULL,NULL,NULL,NULL,NULL,NULL,NULL,NULL,NULL,NULL,NULL,NULL,NULL,NULL,NULL,NULL,NULL,NULL,NULL,NULL,'tenant1','SIB210','2022-04-21 06:07:29','2022-04-21 06:07:29'),(45,NULL,NULL,NULL,'Lynette Watson',NULL,'watson.lynette@gmail.com',NULL,NULL,NULL,NULL,NULL,NULL,NULL,NULL,NULL,NULL,NULL,NULL,NULL,NULL,NULL,NULL,NULL,NULL,NULL,NULL,NULL,NULL,NULL,'0829298240',NULL,NULL,NULL,NULL,NULL,'tenant1','SLI035','2022-04-21 06:07:29','2022-04-21 06:07:29'),(46,NULL,'0718832465',NULL,'KOSIE KOTZE','0116866879','kosie.kotze@supersport.com',NULL,NULL,NULL,NULL,NULL,NULL,NULL,NULL,NULL,NULL,NULL,NULL,NULL,'sean.everett@supersport.co.za',NULL,NULL,NULL,NULL,NULL,NULL,NULL,NULL,NULL,NULL,NULL,NULL,NULL,NULL,NULL,'tenant1','SUP104','2022-04-21 06:07:29','2022-04-21 06:07:29'),(47,NULL,NULL,NULL,'FARREN PRETORIUS','0726234326','farrenpmofokeng@gmail.com',NULL,NULL,NULL,NULL,NULL,NULL,NULL,NULL,NULL,NULL,NULL,NULL,NULL,NULL,NULL,NULL,NULL,NULL,NULL,NULL,NULL,NULL,NULL,NULL,NULL,NULL,NULL,NULL,NULL,'tenant1','TLA141','2022-04-21 06:07:29','2022-04-21 06:07:29'),(48,NULL,NULL,NULL,'OSENI SAMUEL','0631219337','sammyhector@icloud.com',NULL,NULL,NULL,NULL,NULL,NULL,NULL,NULL,NULL,NULL,NULL,NULL,NULL,NULL,NULL,NULL,NULL,NULL,NULL,NULL,NULL,NULL,NULL,NULL,NULL,NULL,NULL,NULL,NULL,'tenant1','TW0113','2022-04-21 06:07:29','2022-04-21 06:07:29'),(49,NULL,NULL,NULL,'RAJI MOSHOOD KOLAWOLE','0813947660','moshoodkolawole1@gmail.com',NULL,NULL,NULL,NULL,NULL,NULL,NULL,NULL,NULL,NULL,NULL,NULL,NULL,NULL,NULL,NULL,NULL,NULL,NULL,NULL,NULL,NULL,NULL,NULL,NULL,NULL,NULL,NULL,NULL,'tenant1','TW0247','2022-04-21 06:07:29','2022-04-21 06:07:29'),(50,NULL,NULL,NULL,NULL,'0614766463',NULL,NULL,NULL,NULL,NULL,NULL,NULL,NULL,NULL,NULL,NULL,NULL,NULL,NULL,NULL,NULL,NULL,NULL,NULL,NULL,NULL,NULL,NULL,NULL,NULL,NULL,NULL,NULL,NULL,NULL,'tenant1','TWA292','2022-04-21 06:07:29','2022-04-21 06:07:29');
/*!40000 ALTER TABLE `tbl_contacts` ENABLE KEYS */;
UNLOCK TABLES;
/*!50003 SET @saved_cs_client      = @@character_set_client */ ;
/*!50003 SET @saved_cs_results     = @@character_set_results */ ;
/*!50003 SET @saved_col_connection = @@collation_connection */ ;
/*!50003 SET character_set_client  = utf8mb4 */ ;
/*!50003 SET character_set_results = utf8mb4 */ ;
/*!50003 SET collation_connection  = utf8mb4_0900_ai_ci */ ;
/*!50003 SET @saved_sql_mode       = @@sql_mode */ ;
/*!50003 SET sql_mode              = 'ONLY_FULL_GROUP_BY,STRICT_TRANS_TABLES,NO_ZERO_IN_DATE,NO_ZERO_DATE,ERROR_FOR_DIVISION_BY_ZERO,NO_ENGINE_SUBSTITUTION' */ ;
DELIMITER ;;
/*!50003 CREATE*/ /*!50017 DEFINER=`root`@`localhost`*/ /*!50003 TRIGGER `tbl_contacts_tenant_trigger` BEFORE INSERT ON `tbl_contacts` FOR EACH ROW SET new.tenant = SUBSTRING_INDEX(USER(), '@', 1) */;;
DELIMITER ;
/*!50003 SET sql_mode              = @saved_sql_mode */ ;
/*!50003 SET character_set_client  = @saved_cs_client */ ;
/*!50003 SET character_set_results = @saved_cs_results */ ;
/*!50003 SET collation_connection  = @saved_col_connection */ ;

--
-- Table structure for table `tbl_customers`
--

DROP TABLE IF EXISTS `tbl_customers`;
/*!40101 SET @saved_cs_client     = @@character_set_client */;
/*!50503 SET character_set_client = utf8mb4 */;
CREATE TABLE `tbl_customers` (
  `operatorShortCode` varchar(255) DEFAULT NULL,
  `customerRefNo` varchar(255) NOT NULL,
  `customerName` varchar(255) NOT NULL,
  `customerEntity` varchar(255) NOT NULL,
  `regIdNumber` varchar(255) DEFAULT NULL,
  `customerType` varchar(255) DEFAULT NULL,
  `productType` varchar(255) DEFAULT NULL,
  `address1` varchar(255) DEFAULT NULL,
  `address2` varchar(255) DEFAULT NULL,
  `address3` varchar(255) DEFAULT NULL,
  `address4` varchar(255) DEFAULT NULL,
  `address5` varchar(255) DEFAULT NULL,
  `createdBy` varchar(255) NOT NULL,
  `updatedBy` varchar(255) DEFAULT NULL,
  `closedDate` datetime DEFAULT NULL,
  `closedBy` varchar(255) DEFAULT NULL,
  `regIdStatus` varchar(255) DEFAULT NULL,
  `tenant` varchar(255) NOT NULL,
  `f_clientId` int NOT NULL,
  `createdAt` datetime NOT NULL,
  `updatedAt` datetime NOT NULL,
  PRIMARY KEY (`customerRefNo`)
) ENGINE=InnoDB DEFAULT CHARSET=utf8mb4 COLLATE=utf8mb4_0900_ai_ci;
/*!40101 SET character_set_client = @saved_cs_client */;

--
-- Dumping data for table `tbl_customers`
--

LOCK TABLES `tbl_customers` WRITE;
/*!40000 ALTER TABLE `tbl_customers` DISABLE KEYS */;
INSERT INTO `tbl_customers` VALUES ('SADV','3RD101','BAKGATLA BA KGAFELA INVESTMENT HOLDINGS (BBKIH)','Enterprise','2013/103761/07',NULL,NULL,NULL,NULL,NULL,NULL,NULL,'System',NULL,'2022-04-21 06:07:04',NULL,'In Business','tenant1',1,'2022-04-21 06:07:04','2022-04-21 06:07:04'),('SADV','5OH012','JUERGEN SCHREIBER','Consumer',NULL,'P7',NULL,NULL,NULL,NULL,NULL,NULL,'System',NULL,'2022-04-21 06:07:04',NULL,NULL,'tenant1',1,'2022-04-21 06:07:04','2022-04-21 06:07:04'),('SADV','AEO101','AEONOVA 360','Enterprise',NULL,'Business client',NULL,NULL,NULL,NULL,NULL,NULL,'System',NULL,'2022-04-21 06:07:04',NULL,NULL,'tenant1',1,'2022-04-21 06:07:04','2022-04-21 06:07:04'),('SADV','AIM101','MATTER INVESTMENTS (PTY) LTD','Enterprise','2015/347727/07',NULL,'Business Unshaped Platinum',NULL,NULL,NULL,NULL,NULL,'System',NULL,'2022-04-21 06:07:04',NULL,'In Business','tenant1',1,'2022-04-21 06:07:04','2022-04-21 06:07:04'),('SADV','ALJ101','ALJ CONSULTING','Enterprise','2016/330994/07',NULL,'Fibre Basics Business Uncapped',NULL,NULL,NULL,NULL,NULL,'System',NULL,'2022-04-21 06:07:04',NULL,'AR Deregistration Process','tenant1',1,'2022-04-21 06:07:04','2022-04-21 06:07:04'),('SADV','ATT102','BRONWYN BOTHA','Consumer','7009090150081','P30',NULL,NULL,NULL,NULL,NULL,NULL,'System',NULL,'2022-04-21 06:07:04',NULL,NULL,'tenant1',1,'2022-04-21 06:07:04','2022-04-21 06:07:04'),('SADV','BAC101','LUKE JOHN BACKOS','Consumer','8302015147087','Home Client','Zero Rated',NULL,NULL,NULL,NULL,NULL,'System',NULL,'2022-04-21 06:07:04',NULL,NULL,'tenant1',1,'2022-04-21 06:07:04','2022-04-21 06:07:04'),('SADV','BBQ101','BBQ WORKSHOP','Enterprise','2016/402942/07',NULL,'Retail Silver Extreme Capped 10Mb 100Gb1,024.86',NULL,NULL,NULL,NULL,NULL,'System',NULL,'2022-04-21 06:07:04',NULL,'In Business','tenant1',1,'2022-04-21 06:07:04','2022-04-21 06:07:04'),('SADV','BON102','BONTIWORX (PTY) LTD','Enterprise','2015/032922/07','P30',NULL,NULL,NULL,NULL,NULL,NULL,'System',NULL,'2022-04-21 06:07:04',NULL,'In Business','tenant1',1,'2022-04-21 06:07:04','2022-04-21 06:07:04'),('SADV','CAP104','CAPRICORN INVESTMENT GROUP (PTY) LTD','Enterprise','2016/076408/07',NULL,'Business Services Online Signup',NULL,NULL,NULL,NULL,NULL,'System',NULL,'2022-04-21 06:07:04',NULL,'In Business','tenant1',1,'2022-04-21 06:07:04','2022-04-21 06:07:04'),('SADV','CEN102','CENTRAL PARK','Enterprise',NULL,'Business client','Once Installation',NULL,NULL,NULL,NULL,NULL,'System',NULL,'2022-04-21 06:07:04',NULL,NULL,'tenant1',1,'2022-04-21 06:07:04','2022-04-21 06:07:04'),('SADV','CH0243','CHERISE ANSARA','Consumer','7512050161089','Home Client',NULL,NULL,NULL,NULL,NULL,NULL,'System',NULL,'2022-04-21 06:07:04',NULL,NULL,'tenant1',1,'2022-04-21 06:07:04','2022-04-21 06:07:04'),('SADV','CJS101','CRAZY JELLY STORE (PTY) LTD','Enterprise','2013/182168/07',NULL,NULL,NULL,NULL,NULL,NULL,NULL,'System',NULL,'2022-04-21 06:07:04',NULL,'In Business','tenant1',1,'2022-04-21 06:07:04','2022-04-21 06:07:04'),('SADV','COA101','ROCKING CONNECT PTY LTD','Enterprise','2013/047237/07','P30',NULL,NULL,NULL,NULL,NULL,NULL,'System',NULL,'2022-04-21 06:07:04',NULL,'In Business','tenant1',1,'2022-04-21 06:07:04','2022-04-21 06:07:04'),('SADV','COO104','COOL IDEAS SERVICE PROVIDER','Enterprise','2016/046103/07','ISP',NULL,NULL,NULL,NULL,NULL,NULL,'System',NULL,'2022-04-21 06:07:04',NULL,'In Business','tenant1',1,'2022-04-21 06:07:04','2022-04-21 06:07:04'),('SADV','DGH101','D & G HOLDINGS (PTY) LTD/ D AND G HOLDINGS','Enterprise','2018/547039/07',NULL,NULL,NULL,NULL,NULL,NULL,NULL,'System',NULL,'2022-04-21 06:07:04',NULL,'In Business','tenant1',1,'2022-04-21 06:07:04','2022-04-21 06:07:04'),('SADV','DOR101','DORON DIAMONDS','Enterprise','2001/085397/23','FTTB',NULL,NULL,NULL,NULL,NULL,NULL,'System',NULL,'2022-04-21 06:07:04',NULL,'In Business','tenant1',1,'2022-04-21 06:07:04','2022-04-21 06:07:04'),('SADV','DV1144','CANDICE ZAAIMAN','Consumer','8407180192089',NULL,'Fibre Fast Uncapped 20Mbps @ R949',NULL,NULL,NULL,NULL,NULL,'System',NULL,'2022-04-21 06:07:04',NULL,NULL,'tenant1',1,'2022-04-21 06:07:04','2022-04-21 06:07:04'),('SADV','GAT101','N GATTOO INC T/A GATTOO ATTORNEYS','Enterprise','2009/019143/21',NULL,'Business Shaped Uncapped 50MB',NULL,NULL,NULL,NULL,NULL,'System',NULL,'2022-04-21 06:07:04',NULL,NULL,'tenant1',1,'2022-04-21 06:07:04','2022-04-21 06:07:04'),('SADV','GRA078','ODIEGWU TIMOTHY EKENE','Consumer',NULL,'P7',NULL,NULL,NULL,NULL,NULL,NULL,'System',NULL,'2022-04-21 06:07:04',NULL,NULL,'tenant1',1,'2022-04-21 06:07:04','2022-04-21 06:07:04'),('SADV','GRA297','KIMENGWA NGAMBI','Consumer','ZN436027',NULL,'Fibre Fast Uncapped 50Mbps @ R1099',NULL,NULL,NULL,NULL,NULL,'System',NULL,'2022-04-21 06:07:04',NULL,NULL,'tenant1',1,'2022-04-21 06:07:04','2022-04-21 06:07:04'),('SADV','GRA586','KATE MODIMA BODIBA','Consumer','8811190948085','Home Client',NULL,NULL,NULL,NULL,NULL,NULL,'System',NULL,'2022-04-21 06:07:04',NULL,NULL,'tenant1',1,'2022-04-21 06:07:04','2022-04-21 06:07:04'),('SADV','GRO101','PROPERTY HELPLINE (PTY) LTD','Enterprise','2015/097337/07',NULL,'Business Shaped Uncapped 50MB',NULL,NULL,NULL,NULL,NULL,'System',NULL,'2022-04-21 06:07:04',NULL,'In Business','tenant1',1,'2022-04-21 06:07:04','2022-04-21 06:07:04'),('SADV','HUA101','HUAMIN TRADING','Enterprise','2011/113336/07',NULL,'Retail Silver Extreme Capped 10Mb 100Gb',NULL,NULL,NULL,NULL,NULL,'System',NULL,'2022-04-21 06:07:04',NULL,NULL,'tenant1',1,'2022-04-21 06:07:04','2022-04-21 06:07:04'),('SADV','HVB101','HVB SERVICES SOUTH AFRICA (PTY LTD','Enterprise','2000/020353/07',NULL,NULL,NULL,NULL,NULL,NULL,NULL,'System',NULL,'2022-04-21 06:07:04',NULL,NULL,'tenant1',1,'2022-04-21 06:07:04','2022-04-21 06:07:04'),('SADV','ILK101','ILKA FINANCE (PTY) LTD','Enterprise','2005/027222/07','Business client',NULL,NULL,NULL,NULL,NULL,NULL,'System',NULL,'2022-04-21 06:07:04',NULL,'AR Deregistration Process','tenant1',1,'2022-04-21 06:07:04','2022-04-21 06:07:04'),('SADV','IMA102','IMAGINE IPS','Enterprise',NULL,NULL,'Package not available',NULL,NULL,NULL,NULL,NULL,'System',NULL,'2022-04-21 06:07:04',NULL,NULL,'tenant1',1,'2022-04-21 06:07:04','2022-04-21 06:07:04'),('SADV','INT103','INTDEV Internet Technologies','Enterprise','2003/030511/07','P30',NULL,NULL,NULL,NULL,NULL,NULL,'System',NULL,'2022-04-21 06:07:04',NULL,'In Business','tenant1',1,'2022-04-21 06:07:04','2022-04-21 06:07:04'),('SADV','JAB101','JAB DRIED FRUIT PRODUCTS (PTY) LTD','Enterprise','2006/006974/07',NULL,'Fibre Paced Business Uncapped 20Mb',NULL,NULL,NULL,NULL,NULL,'System',NULL,'2022-04-21 06:07:04',NULL,'Final Liquidation','tenant1',1,'2022-04-21 06:07:04','2022-04-21 06:07:04'),('SADV','LBV001','TANIA DU PLESSIS','Consumer','8903290108080',NULL,NULL,NULL,NULL,NULL,NULL,NULL,'System',NULL,'2022-04-21 06:07:04',NULL,NULL,'tenant1',1,'2022-04-21 06:07:04','2022-04-21 06:07:04'),('SADV','MCC104','JUSTIN MCCALLUM','Consumer','8102035303086','Home Client','Zero Rated',NULL,NULL,NULL,NULL,NULL,'System',NULL,'2022-04-21 06:07:04',NULL,NULL,'tenant1',1,'2022-04-21 06:07:04','2022-04-21 06:07:04'),('SADV','MLS101','SIMPLYFAI','Enterprise','2015/137696/07','Business client',NULL,NULL,NULL,NULL,NULL,NULL,'System',NULL,'2022-04-21 06:07:04',NULL,'In Business','tenant1',1,'2022-04-21 06:07:04','2022-04-21 06:07:04'),('SADV','MON101','MDF MANAGEMENT HOLDINGS (PTY) LTD','Enterprise','2010/006836/07',NULL,'Business Services Online Signup',NULL,NULL,NULL,NULL,NULL,'System',NULL,'2022-04-21 06:07:04',NULL,'In Business','tenant1',1,'2022-04-21 06:07:04','2022-04-21 06:07:04'),('SADV','MOS103','MUTSI PHAKISO MOSOEU','Consumer','8812185359080',NULL,'Fibre Fast Uncapped 100Mbps @ R1599',NULL,NULL,NULL,NULL,NULL,'System',NULL,'2022-04-21 06:07:04',NULL,NULL,'tenant1',1,'2022-04-21 06:07:04','2022-04-21 06:07:04'),('SADV','MYE046','NIKALYE OLDJOHN','Consumer','8909290302086',NULL,'Fibre Fast Uncapped 10Mbps @ R699699',NULL,NULL,NULL,NULL,NULL,'System',NULL,'2022-04-21 06:07:04',NULL,NULL,'tenant1',1,'2022-04-21 06:07:04','2022-04-21 06:07:04'),('SADV','NEP101','NEPIC (PTY) LTD','Enterprise','2014/024218/07','ISP',NULL,NULL,NULL,NULL,NULL,NULL,'System',NULL,'2022-04-21 06:07:04',NULL,NULL,'tenant1',1,'2022-04-21 06:07:04','2022-04-21 06:07:04'),('SADV','NKA101','NKANYISO ICT (See Bureau report for Bukosini)','Enterprise','2015232312/07',NULL,NULL,NULL,NULL,NULL,NULL,NULL,'System',NULL,'2022-04-21 06:07:04',NULL,NULL,'tenant1',1,'2022-04-21 06:07:04','2022-04-21 06:07:04'),('SADV','ONE201','ONELOGIX VDS','Enterprise',NULL,NULL,NULL,NULL,NULL,NULL,NULL,NULL,'System',NULL,'2022-04-21 06:07:04',NULL,NULL,'tenant1',1,'2022-04-21 06:07:04','2022-04-21 06:07:04'),('SADV','PAM101','DR PUCKS/COMOLINA','Consumer',NULL,'FTTH',NULL,NULL,NULL,NULL,NULL,NULL,'System',NULL,'2022-04-21 06:07:04',NULL,NULL,'tenant1',1,'2022-04-21 06:07:04','2022-04-21 06:07:04'),('SADV','PAT101','PATACHOU PATISSERIE (PTY) LTD','Enterprise','2015/198200/07',NULL,NULL,NULL,NULL,NULL,NULL,NULL,'System',NULL,'2022-04-21 06:07:04',NULL,'Voluntary Liquidation','tenant1',1,'2022-04-21 06:07:04','2022-04-21 06:07:04'),('SADV','REV101','REVIEWKING (PTY) LTD','Enterprise','2016/179836/07','P30',NULL,NULL,NULL,NULL,NULL,NULL,'System',NULL,'2022-04-21 06:07:04',NULL,'In Business','tenant1',1,'2022-04-21 06:07:04','2022-04-21 06:07:04'),('SADV','RNS101','RADIO NETWORK SOLUTIONS','Enterprise','2002/002514/07',NULL,'Package not available',NULL,NULL,NULL,NULL,NULL,'System',NULL,'2022-04-21 06:07:04',NULL,'In Business','tenant1',1,'2022-04-21 06:07:04','2022-04-21 06:07:04'),('SADV','SAI102','SAICOM VOICE SERVICES (PTY) LTD','Enterprise','2000/000684/07',NULL,'Managed access Local Contended',NULL,NULL,NULL,NULL,NULL,'System',NULL,'2022-04-21 06:07:04',NULL,'In Business','tenant1',1,'2022-04-21 06:07:04','2022-04-21 06:07:04'),('SADV','SIB210','PAUL USIRI','Consumer','CN411465','DO',NULL,NULL,NULL,NULL,NULL,NULL,'System',NULL,'2022-04-21 06:07:04',NULL,NULL,'tenant1',1,'2022-04-21 06:07:04','2022-04-21 06:07:04'),('SADV','SLI035','LYNETTE WATSON','Consumer','7906200036086',NULL,NULL,NULL,NULL,NULL,NULL,NULL,'System',NULL,'2022-04-21 06:07:04',NULL,NULL,'tenant1',1,'2022-04-21 06:07:04','2022-04-21 06:07:04'),('SADV','SUP104','SUPERSPORT INTERNATIONAL','Enterprise',NULL,'Business client',NULL,NULL,NULL,NULL,NULL,NULL,'System',NULL,'2022-04-21 06:07:04',NULL,NULL,'tenant1',1,'2022-04-21 06:07:04','2022-04-21 06:07:04'),('SADV','TLA141','FARREN PRETORIUS','Consumer','9305031189081','Home Client',NULL,NULL,NULL,NULL,NULL,NULL,'System',NULL,'2022-04-21 06:07:04',NULL,NULL,'tenant1',1,'2022-04-21 06:07:04','2022-04-21 06:07:04'),('SADV','TW0113','OSENI SAMUEL','Consumer','A05644330',NULL,'Fibre Fast Uncapped 10Mbps @ R699699',NULL,NULL,NULL,NULL,NULL,'System',NULL,'2022-04-21 06:07:04',NULL,NULL,'tenant1',1,'2022-04-21 06:07:04','2022-04-21 06:07:04'),('SADV','TW0247','RAJI MOSHOOD KOLAWOLE','Consumer','A037258703','P7',NULL,NULL,NULL,NULL,NULL,NULL,'System',NULL,'2022-04-21 06:07:04',NULL,NULL,'tenant1',1,'2022-04-21 06:07:04','2022-04-21 06:07:04'),('SADV','TWA292','MATTHEW PEARCE','Consumer',NULL,NULL,NULL,NULL,NULL,NULL,NULL,NULL,'System',NULL,'2022-04-21 06:07:04',NULL,NULL,'tenant1',1,'2022-04-21 06:07:04','2022-04-21 06:07:04');
/*!40000 ALTER TABLE `tbl_customers` ENABLE KEYS */;
UNLOCK TABLES;
/*!50003 SET @saved_cs_client      = @@character_set_client */ ;
/*!50003 SET @saved_cs_results     = @@character_set_results */ ;
/*!50003 SET @saved_col_connection = @@collation_connection */ ;
/*!50003 SET character_set_client  = utf8mb4 */ ;
/*!50003 SET character_set_results = utf8mb4 */ ;
/*!50003 SET collation_connection  = utf8mb4_0900_ai_ci */ ;
/*!50003 SET @saved_sql_mode       = @@sql_mode */ ;
/*!50003 SET sql_mode              = 'ONLY_FULL_GROUP_BY,STRICT_TRANS_TABLES,NO_ZERO_IN_DATE,NO_ZERO_DATE,ERROR_FOR_DIVISION_BY_ZERO,NO_ENGINE_SUBSTITUTION' */ ;
DELIMITER ;;
/*!50003 CREATE*/ /*!50017 DEFINER=`root`@`localhost`*/ /*!50003 TRIGGER `tbl_customers_tenant_trigger` BEFORE INSERT ON `tbl_customers` FOR EACH ROW SET new.tenant = SUBSTRING_INDEX(USER(), '@', 1) */;;
DELIMITER ;
/*!50003 SET sql_mode              = @saved_sql_mode */ ;
/*!50003 SET character_set_client  = @saved_cs_client */ ;
/*!50003 SET character_set_results = @saved_cs_results */ ;
/*!50003 SET collation_connection  = @saved_col_connection */ ;

--
-- Table structure for table `tbl_mappings`
--

DROP TABLE IF EXISTS `tbl_mappings`;
/*!40101 SET @saved_cs_client     = @@character_set_client */;
/*!50503 SET character_set_client = utf8mb4 */;
CREATE TABLE `tbl_mappings` (
  `id` int NOT NULL AUTO_INCREMENT,
  `table` varchar(255) DEFAULT NULL,
  `db_field` varchar(255) DEFAULT NULL,
  `web_field` varchar(255) DEFAULT NULL,
  `createdAt` varchar(255) DEFAULT NULL,
  `createdBy` varchar(255) DEFAULT NULL,
  `updatedBy` varchar(255) DEFAULT NULL,
  `tenant` varchar(255) NOT NULL,
  `updatedAt` datetime NOT NULL,
  `f_clientId` int DEFAULT NULL,
  `clientId` int DEFAULT NULL,
  PRIMARY KEY (`id`),
  KEY `f_clientId` (`f_clientId`),
  KEY `clientId` (`clientId`),
  CONSTRAINT `tbl_mappings_ibfk_1` FOREIGN KEY (`f_clientId`) REFERENCES `tbl_clients` (`id`) ON DELETE SET NULL ON UPDATE CASCADE,
  CONSTRAINT `tbl_mappings_ibfk_2` FOREIGN KEY (`clientId`) REFERENCES `tbl_clients` (`id`) ON DELETE SET NULL ON UPDATE CASCADE
) ENGINE=InnoDB DEFAULT CHARSET=utf8mb4 COLLATE=utf8mb4_0900_ai_ci;
/*!40101 SET character_set_client = @saved_cs_client */;

--
-- Dumping data for table `tbl_mappings`
--

LOCK TABLES `tbl_mappings` WRITE;
/*!40000 ALTER TABLE `tbl_mappings` DISABLE KEYS */;
/*!40000 ALTER TABLE `tbl_mappings` ENABLE KEYS */;
UNLOCK TABLES;

--
-- Table structure for table `tbl_outcomes`
--

DROP TABLE IF EXISTS `tbl_outcomes`;
/*!40101 SET @saved_cs_client     = @@character_set_client */;
/*!50503 SET character_set_client = utf8mb4 */;
CREATE TABLE `tbl_outcomes` (
  `id` int NOT NULL AUTO_INCREMENT,
  `outcomeStatus` varchar(255) DEFAULT 'Open',
  `transactionType` varchar(255) DEFAULT NULL,
  `numberCalled` varchar(255) DEFAULT NULL,
  `emailUsed` varchar(255) DEFAULT NULL,
  `contactPerson` varchar(255) DEFAULT NULL,
  `outcomeResolution` varchar(255) DEFAULT NULL,
  `ptpDate` datetime DEFAULT NULL,
  `ptpAmount` decimal(10,2) DEFAULT '0.00',
  `debitResubmissionDate` datetime DEFAULT NULL,
  `debitResubmissionAmount` decimal(10,2) DEFAULT '0.00',
  `outcomeNotes` varchar(255) DEFAULT NULL,
  `nextSteps` varchar(255) DEFAULT NULL,
  `createdBy` varchar(255) NOT NULL,
  `tenant` varchar(255) NOT NULL,
  `f_caseNumber` varchar(255) DEFAULT NULL,
  `createdAt` datetime NOT NULL,
  `updatedAt` datetime NOT NULL,
  PRIMARY KEY (`id`),
  KEY `f_caseNumber` (`f_caseNumber`),
  CONSTRAINT `tbl_outcomes_ibfk_1` FOREIGN KEY (`f_caseNumber`) REFERENCES `tbl_cases` (`caseNumber`) ON DELETE CASCADE ON UPDATE CASCADE
) ENGINE=InnoDB AUTO_INCREMENT=62 DEFAULT CHARSET=utf8mb4 COLLATE=utf8mb4_0900_ai_ci;
/*!40101 SET character_set_client = @saved_cs_client */;

--
-- Dumping data for table `tbl_outcomes`
--

LOCK TABLES `tbl_outcomes` WRITE;
/*!40000 ALTER TABLE `tbl_outcomes` DISABLE KEYS */;
INSERT INTO `tbl_outcomes` VALUES (1,'Closed','Call','0745337046',NULL,'Rina V D Westhuizen (074)','Customer will return call','2021-07-28 10:05:01',1000.00,NULL,0.00,'Rina claims to have been retrenched in Nov 2018. Promised to get Mark Makabalu (new responsible person) to call me.','Follow Up Call','eugener@sabco.za.com','tenant1','1','2020-07-28 00:05:01','2022-04-21 06:08:12'),(2,'Closed','Call','0116842995',NULL,'Onako (Receptionsist)','Wrong Party Contact','2021-07-29 10:05:00',2000.00,NULL,0.00,'Pam Golding Hyde Park','Validate Debtor Against Contract','mickeymouse@email.com','tenant1','2','2020-07-26 23:06:01','2022-04-21 06:08:12'),(3,'Closed','Call','0871351166',NULL,NULL,'Uncontactable','2021-07-30 10:05:00',3000.00,NULL,0.00,'Retrace for contact info','Retrace for Additional Contact Info','eugener@sabco.za.com','tenant1','3','2020-07-31 00:43:01','2022-04-21 06:08:12'),(4,'Closed','Call','0764231609',NULL,NULL,'Dispute - Service Never Used','2021-07-31 10:05:00',5000.00,NULL,0.00,'As per Aman (0760200558 only signed contract never used service. Wants blacklistiting lifted - aman@matterinv.com - contract on file','Send Information Requested','eugener@sabco.za.com','tenant1','4','2020-07-27 03:05:01','2022-04-21 06:08:12'),(5,'Closed','Call','0764231609',NULL,'Sajil','Uncontactable','2021-08-01 10:05:00',8000.00,NULL,0.00,'Sajil recommended that I speak to Aman 076 020 0558, who did not pick up call','Follow Up Call','eugener@sabco.za.com','tenant1','4','2020-07-28 00:29:01','2022-04-21 06:08:12'),(6,'Closed','Call','0790600367',NULL,'Lebo','WPC','2021-08-02 10:05:00',13000.00,NULL,0.00,'Retrace for contact info','Retrace for Additional Contact Info','eugener@sabco.za.com','tenant1','5','2020-07-28 00:46:01','2022-04-21 06:08:12'),(7,'Closed','Call','0828932387',NULL,'Bronwyn Botha','Dispute - Incorrect Debtor',NULL,0.00,NULL,0.00,'Disputes liability. Claims to have been a tenant at a property at Millweed Estates, for which property the landlord was liable for data services','Validate Debtor Against Contract','eugener@sabco.za.com','tenant1','6','2020-07-27 01:04:01','2022-04-21 06:08:12'),(8,'Closed','Admin',NULL,NULL,NULL,'Contract Not Found',NULL,0.00,NULL,0.00,'Contract Not Found','Escalate for Investigation','eugener@sabco.za.com','tenant1','6','2020-07-27 23:00:01','2022-04-21 06:08:12'),(9,'Closed','Call','0836087774',NULL,'Luke Backos','Dispute - Incorrect Debtor',NULL,0.00,NULL,0.00,'Claims that he has never had a serivice','Validate Debtor Against Contract','eugener@sabco.za.com','tenant1','7','2020-07-27 00:54:01','2022-04-21 06:08:12'),(10,'Closed','Call','0825557107',NULL,'Zoran Peceli','Request for Information',NULL,0.00,NULL,0.00,'Confirmed that this Kyalami Branch - referred to Melody as Accountant 011-953 1305 (melody@arvanitis.co.za) - Zoran to be copied on stefanp@mweb.co.za','Send Information Requested','eugener@sabco.za.com','tenant1','8','2020-07-28 00:34:01','2022-04-21 06:08:12'),(11,'Closed','Email',NULL,NULL,'Zoran Peceli','Email Sent',NULL,0.00,NULL,0.00,'Statement of account emailed to customer','Follow Up Call','eugener@sabco.za.com','tenant1','8','2020-07-29 00:34:01','2022-04-21 06:08:12'),(12,'Closed','Call','0214621844',NULL,NULL,'Uncontactable',NULL,0.00,NULL,0.00,'No response - shows as number of Lezmin 2414 (Pty) Ltd','Retrace for Additional Contact Info','eugener@sabco.za.com','tenant1','9','2020-07-28 23:27:01','2022-04-21 06:08:12'),(13,'Closed','Call','0823302075',NULL,'Mike','Call Back',NULL,0.00,NULL,0.00,'Mike called me back and advised that Josie Gubeon 082 772 0084 was relevant contact - no response from that number @ 10:54. No response at 16:04 also from \"Josie\'s number\" - call rejected','Follow Up Call','eugener@sabco.za.com','tenant1','10','2020-07-28 00:50:01','2022-04-21 06:08:12'),(14,'Closed','Call','0711539876',NULL,NULL,'Uncontactable',NULL,0.00,NULL,0.00,'No response on 28 July. Still no response on 29 July','Follow Up Call','eugener@sabco.za.com','tenant1','12','2020-07-27 00:45:01','2022-04-21 06:08:12'),(15,'Closed','Call','0791081920',NULL,'Shawn Jooste','Dispute - Previously Cancelled',NULL,0.00,NULL,0.00,'Insists that he will not pay the account because he cancelled, was required to pay balance due before cancellation, paid but still billed','Escalate for Investigation','eugener@sabco.za.com','tenant1','14','2020-07-29 00:20:01','2022-04-21 06:08:12'),(16,'Closed','Call','0105932665',NULL,NULL,'Uncontactable',NULL,0.00,NULL,0.00,'the switchboard was unable to put me to Michael but supplied an additional email for the account responsible person(Michell)','Follow Up Call','eugener@sabco.za.com','tenant1','15','2020-07-31 04:44:01','2022-04-21 06:08:12'),(17,'Closed','Email','0105932665',NULL,NULL,'Email Sent',NULL,0.00,NULL,0.00,'THIS 2nd email rejected','Follow Up Call','eugener@sabco.za.com','tenant1','15','2020-07-31 05:00:01','2022-04-21 06:08:12'),(18,'Closed','Call','0213003954',NULL,NULL,'Uncontactable',NULL,0.00,NULL,0.00,'Need additional contact info','Retrace for Additional Contact Info','eugener@sabco.za.com','tenant1','17','2020-07-28 00:07:01','2022-04-21 06:08:12'),(19,'Closed','Call','0796759340',NULL,NULL,'Uncontactable',NULL,0.00,NULL,0.00,'No response first day. No response 29/072020','Follow Up Call','eugener@sabco.za.com','tenant1','18','2020-07-26 23:23:01','2022-04-21 06:08:12'),(20,'Closed','Call','0796759340',NULL,'Candice Zaaiman','Dispute - Incorrect Balance',NULL,0.00,NULL,0.00,'Claims that SADV accounts people had erroneous info on  the account which was resolved 2 to 3 years ago hen she was last contacted','Escalate for Investigation','eugener@sabco.za.com','tenant1','18','2020-07-27 01:51:01','2022-04-21 06:08:12'),(21,'Closed','Email',NULL,NULL,NULL,'Email Sent',NULL,0.00,NULL,0.00,'Statement of account emailed to customer','Escalate for Investigation','eugener@sabco.za.com','tenant1','18','2020-07-27 02:00:01','2022-04-21 06:08:12'),(22,'Closed','Call','0784239998',NULL,NULL,'Uncontactable',NULL,0.00,NULL,0.00,'second call at 16:43 rejected','Retrace for Additional Contact Info','eugener@sabco.za.com','tenant1','19','2020-07-28 00:48:01','2022-04-21 06:08:12'),(23,'Closed','Call','0620414261',NULL,NULL,'Uncontactable',NULL,0.00,NULL,0.00,'number not available at moment','Follow Up Call','eugener@sabco.za.com','tenant1','20','2020-07-27 01:26:01','2022-04-21 06:08:12'),(24,'Closed','Call','0731537419',NULL,'Kimengwa Ngambi','Dispute - Previously Cancelled',NULL,0.00,NULL,0.00,'Claims he cancelled the account (telephonically) and left RSA for a year. Refuses to pay ','Escalate for Investigation','eugener@sabco.za.com','tenant1','21','2020-07-27 00:15:01','2022-04-21 06:08:12'),(25,'Closed','Call','0781430609',NULL,'Kate Bodiba','Dispute - Previously Cancelled',NULL,0.00,NULL,0.00,'Claims to have paid her account in full up to the time her services were terminated -','Escalate for Investigation','eugener@sabco.za.com','tenant1','22','2020-07-26 23:49:01','2022-04-21 06:08:12'),(26,'Closed','Call','0832826606',NULL,'ANGELIQUE STEENKAMP','Request for Information',NULL,0.00,NULL,0.00,'Angelique acknowledged indebtedness - said she sent a mail to SADV promising to pay once the COVID crisis is over and their business recovers','Send Information Requested','eugener@sabco.za.com','tenant1','23','2020-07-29 08:00:01','2022-04-21 06:08:12'),(27,'Closed','Email',NULL,NULL,NULL,'Email Sent',NULL,0.00,NULL,0.00,'Email sent requesting copy email sent by her to SADV','Follow Up Call','eugener@sabco.za.com','tenant1','23','2020-07-29 08:05:01','2022-04-21 06:08:12'),(28,'Closed','Call','0725119556',NULL,NULL,'Uncontactable',NULL,0.00,NULL,0.00,'No contact. Retry','Follow Up Call','eugener@sabco.za.com','tenant1','24','2020-07-28 00:44:01','2022-04-21 06:08:12'),(29,'Closed','Call','0829020114',NULL,'Dr Christian Nagele','Debtor no longer exists',NULL,0.00,NULL,0.00,'Claims company woundup by Brian Dowden of Harris, Dowden & Fontein - 011 8847373 - Auditors - no company reg info. May indeed be wound-up. tried the Auditors number every day since 20200728 - goes to voice mail','Trace Attorneys/Liquidators','eugener@sabco.za.com','tenant1','25','2020-07-28 00:18:01','2022-04-21 06:08:12'),(30,'Closed','Call','0765589154',NULL,NULL,'Uncontactable',NULL,0.00,NULL,0.00,'number 0765589154 obtained off contract called 18:12 on 29 July- no response','Retrace for Additional Contact Info','eugener@sabco.za.com','tenant1','26','2020-07-29 08:00:01','2022-04-21 06:08:12'),(31,'Closed','Call','0112147600',NULL,'Sabina Ramushu','Dispute - Incorrect Balance',NULL,0.00,NULL,0.00,'seems to require a statement recon - sabinam@imagine.co.za','Send Information Requested','eugener@sabco.za.com','tenant1','27','2020-07-28 01:02:01','2022-04-21 06:08:12'),(32,'Closed','Email',NULL,NULL,NULL,'Email Sent',NULL,0.00,NULL,0.00,'Statement of account sent','Follow Up Call','eugener@sabco.za.com','tenant1','27','2020-07-28 01:05:01','2022-04-21 06:08:12'),(33,'Closed','Call','0110822727',NULL,'Barry','Wrong Party Contact',NULL,0.00,NULL,0.00,'Promised to revert to me - claimed he was responsible for debtors not creditors - On 20200731 number was uncontactble/probably blocked by SADV number. Reached Thobile by cell phone.','Send Information Requested','eugener@sabco.za.com','tenant1','28','2020-07-28 23:20:01','2022-04-21 06:08:12'),(34,'Closed','Email',NULL,NULL,NULL,'Email Sent',NULL,0.00,NULL,0.00,'Statement of account sent. e-Mail rejected/bounced at mail address supplied telephonically','Follow Up Call','eugener@sabco.za.com','tenant1','28','2020-07-29 00:00:01','2022-04-21 06:08:12'),(35,'Closed','Call','0137472161',NULL,NULL,'Uncontactable',NULL,0.00,NULL,0.00,'Customer Uncontactable','Retrace for Additional Contact Info','eugener@sabco.za.com','tenant1','29','2020-07-31 00:44:01','2022-04-21 06:08:12'),(36,'Closed','Call','0218829633',NULL,NULL,'Uncontactable',NULL,0.00,NULL,0.00,'No such number','Retrace for Additional Contact Info','eugener@sabco.za.com','tenant1','30','2020-07-27 00:30:01','2022-04-21 06:08:12'),(37,'Closed','Call','0845995032',NULL,'Justin MCCallum','Dispute - Incorrect Debtor',NULL,0.00,NULL,0.00,'Justin claims service was for his company \"Velocity Cable Company\" who are in liquidation - Liquidators are Honey Inc (Donovan Majiet( Bloemfontein','Validate Debtor Against Contract','eugener@sabco.za.com','tenant1','31','2020-07-26 23:13:01','2022-04-21 06:08:12'),(38,'Closed','Call','0105906244',NULL,NULL,'Uncontactable',NULL,0.00,NULL,0.00,'the person responded claimed that this was a private residence number','Retrace for Additional Contact Info','eugener@sabco.za.com','tenant1','32','2020-07-30 23:00:01','2022-04-21 06:08:12'),(39,'Closed','Call','0636865022',NULL,'Tiaan Peens','Request for Information',NULL,0.00,NULL,0.00,'Statement requested','Send Information Requested','eugener@sabco.za.com','tenant1','33','2020-07-28 06:27:01','2022-04-21 06:08:12'),(40,'Closed','Email',NULL,NULL,NULL,'Email Sent',NULL,0.00,NULL,0.00,'sent statement to Tiaan(tiaan@montagusnacks.co.za) and Endri (the accountant023 614 1360) at endri@ montagusnacks.co.za - ','Follow Up Call','eugener@sabco.za.com','tenant1','33','2020-07-28 07:27:01','2022-04-21 06:08:12'),(41,'Closed','Call','0828174329',NULL,NULL,'Uncontactable',NULL,0.00,NULL,0.00,'Number seems incorrect','Retrace for Additional Contact Info','eugener@sabco.za.com','tenant1','34','2020-07-27 01:13:01','2022-04-21 06:08:12'),(42,'Closed','Call','0828174329',NULL,NULL,'Uncontactable',NULL,0.00,NULL,0.00,'number not available at moment','Follow Up Call','eugener@sabco.za.com','tenant1','34','2020-07-27 01:47:01','2022-04-21 06:08:12'),(43,'Closed','Call','0734405505',NULL,NULL,'Uncontactable',NULL,0.00,NULL,0.00,'straight to voice mail - no response','Follow Up Call','eugener@sabco.za.com','tenant1','35','2020-07-27 01:18:01','2022-04-21 06:08:12'),(44,'Closed','Call','0718630543',NULL,NULL,'Uncontactable',NULL,0.00,NULL,0.00,'Retrace for contact info. (See Bureau report for Bukosini)','Follow Up Call','eugener@sabco.za.com','tenant1','37','2020-07-28 00:16:01','2022-04-21 06:08:12'),(45,'Closed','Admin',NULL,NULL,NULL,'Handed back to SADV',NULL,0.00,NULL,0.00,'Account handed back to SADV to collect','Hand back to SADV','eugener@sabco.za.com','tenant1','36','2020-07-30 23:00:01','2022-04-21 06:08:12'),(46,'Closed','Call','0113969040',NULL,'Linda Govender','Request for Information',NULL,0.00,NULL,0.00,'Linda is FM and unaware of debt','Send Information Requested','eugener@sabco.za.com','tenant1','38','2020-07-31 00:49:01','2022-04-21 06:08:12'),(47,'Closed','Email',NULL,NULL,'Linda Govender','Email Sent',NULL,0.00,NULL,0.00,'Statement of account sent','Follow Up Call','eugener@sabco.za.com','tenant1','38','2020-07-31 00:51:01','2022-04-21 06:08:12'),(48,'Closed','Call','0116842996',NULL,'Onako (Receptionsist)','Dispute - Incorrect Debtor',NULL,0.00,NULL,0.00,'Pam Golding Hyde Park - Do knot know debtor or the represenattive per records','Validate Debtor Against Contract','eugener@sabco.za.com','tenant1','39','2020-07-26 23:31:01','2022-04-21 06:08:12'),(49,'Closed','Call','0118802610',NULL,'Lloyd Barker','Dispute - Service Never Used',NULL,0.00,NULL,0.00,'Llyod Barker responded at this number and claims to have no association with the company. He says his company \"Barker Insurance\" does have an account with SADV','Validate Debtor Against Contract','eugener@sabco.za.com','tenant1','40','2020-07-31 04:37:01','2022-04-21 06:08:12'),(50,'Closed','Call','0786737791',NULL,NULL,'Uncontactable',NULL,0.00,NULL,0.00,'Number out of service/not available','Retrace for Additional Contact Info','eugener@sabco.za.com','tenant1','41','2020-07-28 23:38:01','2022-04-21 06:08:12'),(51,'Closed','Call','0117942227',NULL,NULL,'Request for Information',NULL,0.00,NULL,0.00,'was supplied with Vanessa\'s direct number 082 446 0199 - successful call wants invoice and statement','Send Information Requested','eugener@sabco.za.com','tenant1','42','2020-07-27 03:14:01','2022-04-21 06:08:12'),(52,'Closed','Email',NULL,NULL,NULL,'Email Sent',NULL,0.00,NULL,0.00,'Statement of account sent. Client wants invoice with statement','Send Information Requested','eugener@sabco.za.com','tenant1','42','2020-07-27 04:00:01','2022-04-21 06:08:12'),(53,'Closed','Call','0112830552',NULL,NULL,'Uncontactable',NULL,0.00,NULL,0.00,'Retrace for contact info','Retrace for Additional Contact Info','eugener@sabco.za.com','tenant1','43','2020-07-30 05:46:01','2022-04-21 06:08:12'),(54,'Closed','Call','0719313156',NULL,'Paul Usiri','Request for Information',NULL,0.00,NULL,0.00,'asked for latest statement of accountand bank details - promised to pay','Send Information Requested','eugener@sabco.za.com','tenant1','44','2020-07-27 01:41:01','2022-04-21 06:08:12'),(55,'Closed','Email',NULL,NULL,NULL,'Email Sent',NULL,0.00,NULL,0.00,'Statement of account sent','Follow Up Call','eugener@sabco.za.com','tenant1','44','2020-07-27 02:00:01','2022-04-21 06:08:12'),(56,'Closed','Call','0829298240',NULL,'Manual Mashingayi','Wrong Party Contact',NULL,0.00,NULL,0.00,'Claims that this is not Lynette\'s number','Retrace for Additional Contact Info','eugener@sabco.za.com','tenant1','45','2020-07-27 00:24:01','2022-04-21 06:08:12'),(57,'Closed','Call','0166866879',NULL,'Kosie Kotze','Dispute - Incorrect Balance',NULL,0.00,NULL,0.00,'sent statement to Kosie Kotze at mail he supplied. He calims that the account was settled years ago by his employee who has since left his company. Statement of account sent','Escalate for Investigation','eugener@sabco.za.com','tenant1','46','2020-07-30 05:57:01','2022-04-21 06:08:12'),(58,'Closed','Call','0726234326',NULL,'Farren Pretorius','PTP',NULL,0.00,NULL,0.00,'No means to pay - unemployed - retrenched without benefits - awaits UIF - expects to pay by end August','Follow Up Call','eugener@sabco.za.com','tenant1','47','2020-07-26 23:39:01','2022-04-21 06:08:12'),(59,'Closed','Call','0631219337',NULL,'Samuel Oseni','Dispute - Previously Cancelled',NULL,0.00,NULL,0.00,'first cut the call as soon as he heard the name SADV - then disputes liability on basis that he stopped using service 4 yrears ago','Escalate for Investigation','eugener@sabco.za.com','tenant1','48','2020-07-27 01:31:01','2022-04-21 06:08:12'),(60,'Closed','Call','0813947660',NULL,NULL,'Uncontactable',NULL,0.00,NULL,0.00,'Number seems incorrect','Retrace for Additional Contact Info','eugener@sabco.za.com','tenant1','49','2020-07-27 01:22:01','2022-04-21 06:08:12'),(61,'Closed','Call','0614766463',NULL,NULL,'Uncontactable',NULL,0.00,NULL,0.00,'number 0614766463 obtained off contract called 18:11 on 29 July- no response','Retrace for Additional Contact Info','eugener@sabco.za.com','tenant1','50','2020-07-29 08:00:01','2022-04-21 06:08:12');
/*!40000 ALTER TABLE `tbl_outcomes` ENABLE KEYS */;
UNLOCK TABLES;
/*!50003 SET @saved_cs_client      = @@character_set_client */ ;
/*!50003 SET @saved_cs_results     = @@character_set_results */ ;
/*!50003 SET @saved_col_connection = @@collation_connection */ ;
/*!50003 SET character_set_client  = utf8mb4 */ ;
/*!50003 SET character_set_results = utf8mb4 */ ;
/*!50003 SET collation_connection  = utf8mb4_0900_ai_ci */ ;
/*!50003 SET @saved_sql_mode       = @@sql_mode */ ;
/*!50003 SET sql_mode              = 'ONLY_FULL_GROUP_BY,STRICT_TRANS_TABLES,NO_ZERO_IN_DATE,NO_ZERO_DATE,ERROR_FOR_DIVISION_BY_ZERO,NO_ENGINE_SUBSTITUTION' */ ;
DELIMITER ;;
/*!50003 CREATE*/ /*!50017 DEFINER=`root`@`localhost`*/ /*!50003 TRIGGER `tbl_outcomes_tenant_trigger` BEFORE INSERT ON `tbl_outcomes` FOR EACH ROW SET new.tenant = SUBSTRING_INDEX(USER(), '@', 1) */;;
DELIMITER ;
/*!50003 SET sql_mode              = @saved_sql_mode */ ;
/*!50003 SET character_set_client  = @saved_cs_client */ ;
/*!50003 SET character_set_results = @saved_cs_results */ ;
/*!50003 SET collation_connection  = @saved_col_connection */ ;

--
-- Table structure for table `users`
--

DROP TABLE IF EXISTS `users`;
/*!40101 SET @saved_cs_client     = @@character_set_client */;
/*!50503 SET character_set_client = utf8mb4 */;
CREATE TABLE `users` (
  `id` int NOT NULL AUTO_INCREMENT,
  `email` varchar(255) NOT NULL,
  `phone` varchar(255) NOT NULL,
  `passwordHash` varchar(255) DEFAULT NULL,
  `firstName` varchar(255) NOT NULL,
  `lastName` varchar(255) NOT NULL,
  `role` varchar(255) NOT NULL,
  `active` tinyint(1) NOT NULL,
  `verificationToken` varchar(255) DEFAULT NULL,
  `verified` datetime DEFAULT NULL,
  `resetToken` varchar(255) DEFAULT NULL,
  `resetTokenExpires` datetime DEFAULT NULL,
  `passwordReset` datetime DEFAULT NULL,
  `created` datetime NOT NULL,
  `updated` datetime DEFAULT NULL,
  `f_clientId` int DEFAULT NULL,
  PRIMARY KEY (`id`),
  KEY `f_clientId` (`f_clientId`),
  CONSTRAINT `users_ibfk_1` FOREIGN KEY (`f_clientId`) REFERENCES `tbl_clients` (`id`) ON DELETE CASCADE ON UPDATE CASCADE
) ENGINE=InnoDB AUTO_INCREMENT=2 DEFAULT CHARSET=utf8mb4 COLLATE=utf8mb4_0900_ai_ci;
/*!40101 SET character_set_client = @saved_cs_client */;

--
-- Dumping data for table `users`
--

LOCK TABLES `users` WRITE;
/*!40000 ALTER TABLE `users` DISABLE KEYS */;
INSERT INTO `users` VALUES (1,'darryll@thesystem.co.za','0123456789','$2a$10$MJJ7bT/VCfVVb3PKK3svR.um4L2uxdl1IkBcI5oJBH30cAdL4ndKu','Darryll','Robinson','Super',1,NULL,'2021-08-06 06:55:55',NULL,NULL,NULL,'2022-04-19 15:49:00','2022-04-19 15:49:00',1);
/*!40000 ALTER TABLE `users` ENABLE KEYS */;
UNLOCK TABLES;

--
-- Final view structure for view `accounts`
--

/*!50001 DROP VIEW IF EXISTS `accounts`*/;
/*!50001 SET @saved_cs_client          = @@character_set_client */;
/*!50001 SET @saved_cs_results         = @@character_set_results */;
/*!50001 SET @saved_col_connection     = @@collation_connection */;
/*!50001 SET character_set_client      = utf8mb4 */;
/*!50001 SET character_set_results     = utf8mb4 */;
/*!50001 SET collation_connection      = utf8mb4_0900_ai_ci */;
/*!50001 CREATE ALGORITHM=UNDEFINED */
/*!50013 DEFINER=`root`@`localhost` SQL SECURITY DEFINER */
/*!50001 VIEW `accounts` AS select `tbl_accounts`.`accountNumber` AS `accountNumber`,`tbl_accounts`.`accountName` AS `accountName`,`tbl_accounts`.`openDate` AS `openDate`,`tbl_accounts`.`debtorAge` AS `debtorAge`,`tbl_accounts`.`paymentTermDays` AS `paymentTermDays`,`tbl_accounts`.`creditLimit` AS `creditLimit`,`tbl_accounts`.`totalBalance` AS `totalBalance`,`tbl_accounts`.`amountDue` AS `amountDue`,`tbl_accounts`.`currentBalance` AS `currentBalance`,`tbl_accounts`.`days30` AS `days30`,`tbl_accounts`.`days60` AS `days60`,`tbl_accounts`.`days90` AS `days90`,`tbl_accounts`.`days120` AS `days120`,`tbl_accounts`.`days150` AS `days150`,`tbl_accounts`.`days180` AS `days180`,`tbl_accounts`.`days180Over` AS `days180Over`,`tbl_accounts`.`paymentMethod` AS `paymentMethod`,`tbl_accounts`.`paymentDueDate` AS `paymentDueDate`,`tbl_accounts`.`debitOrderDate` AS `debitOrderDate`,`tbl_accounts`.`lastPaymentDate` AS `lastPaymentDate`,`tbl_accounts`.`lastPaymentAmount` AS `lastPaymentAmount`,`tbl_accounts`.`lastPTPDate` AS `lastPTPDate`,`tbl_accounts`.`lastPTPAmount` AS `lastPTPAmount`,`tbl_accounts`.`accountNotes` AS `accountNotes`,`tbl_accounts`.`accountStatus` AS `accountStatus`,`tbl_accounts`.`arg` AS `arg`,`tbl_accounts`.`createdBy` AS `createdBy`,`tbl_accounts`.`updatedBy` AS `updatedBy`,`tbl_accounts`.`createdAt` AS `createdAt`,`tbl_accounts`.`updatedAt` AS `updatedAt`,`tbl_accounts`.`f_customerRefNo` AS `f_customerRefNo` from `tbl_accounts` where (`tbl_accounts`.`tenant` = substring_index(user(),'@',1)) */;
/*!50001 SET character_set_client      = @saved_cs_client */;
/*!50001 SET character_set_results     = @saved_cs_results */;
/*!50001 SET collation_connection      = @saved_col_connection */;

--
-- Final view structure for view `cases`
--

/*!50001 DROP VIEW IF EXISTS `cases`*/;
/*!50001 SET @saved_cs_client          = @@character_set_client */;
/*!50001 SET @saved_cs_results         = @@character_set_results */;
/*!50001 SET @saved_col_connection     = @@collation_connection */;
/*!50001 SET character_set_client      = utf8mb4 */;
/*!50001 SET character_set_results     = utf8mb4 */;
/*!50001 SET collation_connection      = utf8mb4_0900_ai_ci */;
/*!50001 CREATE ALGORITHM=UNDEFINED */
/*!50013 DEFINER=`root`@`localhost` SQL SECURITY DEFINER */
/*!50001 VIEW `cases` AS select `tbl_cases`.`caseNumber` AS `caseNumber`,`tbl_cases`.`currentAssignment` AS `currentAssignment`,`tbl_cases`.`initialAssignment` AS `initialAssignment`,`tbl_cases`.`caseNotes` AS `caseNotes`,`tbl_cases`.`kamNotes` AS `kamNotes`,`tbl_cases`.`currentStatus` AS `currentStatus`,`tbl_cases`.`pendReason` AS `pendReason`,`tbl_cases`.`resolution` AS `resolution`,`tbl_cases`.`caseReason` AS `caseReason`,`tbl_cases`.`createdBy` AS `createdBy`,`tbl_cases`.`lockedDatetime` AS `lockedDatetime`,`tbl_cases`.`reopenedDate` AS `reopenedDate`,`tbl_cases`.`reopenedBy` AS `reopenedBy`,`tbl_cases`.`nextVisitDateTime` AS `nextVisitDateTime`,`tbl_cases`.`reassignedDate` AS `reassignedDate`,`tbl_cases`.`reassignedBy` AS `reassignedBy`,`tbl_cases`.`updatedBy` AS `updatedBy`,`tbl_cases`.`f_accountNumber` AS `f_accountNumber`,`tbl_cases`.`createdAt` AS `createdAt`,`tbl_cases`.`updatedAt` AS `updatedAt` from `tbl_cases` where (`tbl_cases`.`tenant` = substring_index(user(),'@',1)) */;
/*!50001 SET character_set_client      = @saved_cs_client */;
/*!50001 SET character_set_results     = @saved_cs_results */;
/*!50001 SET collation_connection      = @saved_col_connection */;

--
-- Final view structure for view `contacts`
--

/*!50001 DROP VIEW IF EXISTS `contacts`*/;
/*!50001 SET @saved_cs_client          = @@character_set_client */;
/*!50001 SET @saved_cs_results         = @@character_set_results */;
/*!50001 SET @saved_col_connection     = @@collation_connection */;
/*!50001 SET character_set_client      = utf8mb4 */;
/*!50001 SET character_set_results     = utf8mb4 */;
/*!50001 SET collation_connection      = utf8mb4_0900_ai_ci */;
/*!50001 CREATE ALGORITHM=UNDEFINED */
/*!50013 DEFINER=`root`@`localhost` SQL SECURITY DEFINER */
/*!50001 VIEW `contacts` AS select `tbl_contacts`.`id` AS `id`,`tbl_contacts`.`primaryContactName` AS `primaryContactName`,`tbl_contacts`.`primaryContactNumber` AS `primaryContactNumber`,`tbl_contacts`.`primaryContactEmail` AS `primaryContactEmail`,`tbl_contacts`.`representativeName` AS `representativeName`,`tbl_contacts`.`representativeNumber` AS `representativeNumber`,`tbl_contacts`.`representativeEmail` AS `representativeEmail`,`tbl_contacts`.`alternativeRepName` AS `alternativeRepName`,`tbl_contacts`.`alternativeRepNumber` AS `alternativeRepNumber`,`tbl_contacts`.`alternativeRepEmail` AS `alternativeRepEmail`,`tbl_contacts`.`otherNumber1` AS `otherNumber1`,`tbl_contacts`.`otherNumber2` AS `otherNumber2`,`tbl_contacts`.`otherNumber3` AS `otherNumber3`,`tbl_contacts`.`otherNumber4` AS `otherNumber4`,`tbl_contacts`.`otherNumber5` AS `otherNumber5`,`tbl_contacts`.`otherNumber6` AS `otherNumber6`,`tbl_contacts`.`otherNumber7` AS `otherNumber7`,`tbl_contacts`.`otherNumber8` AS `otherNumber8`,`tbl_contacts`.`otherNumber9` AS `otherNumber9`,`tbl_contacts`.`otherNumber10` AS `otherNumber10`,`tbl_contacts`.`otherEmail1` AS `otherEmail1`,`tbl_contacts`.`otherEmail2` AS `otherEmail2`,`tbl_contacts`.`otherEmail3` AS `otherEmail3`,`tbl_contacts`.`otherEmail4` AS `otherEmail4`,`tbl_contacts`.`otherEmail5` AS `otherEmail5`,`tbl_contacts`.`otherEmail6` AS `otherEmail6`,`tbl_contacts`.`otherEmail7` AS `otherEmail7`,`tbl_contacts`.`otherEmail8` AS `otherEmail8`,`tbl_contacts`.`otherEmail9` AS `otherEmail9`,`tbl_contacts`.`otherEmail10` AS `otherEmail10`,`tbl_contacts`.`dnc1` AS `dnc1`,`tbl_contacts`.`dnc2` AS `dnc2`,`tbl_contacts`.`dnc3` AS `dnc3`,`tbl_contacts`.`dnc4` AS `dnc4`,`tbl_contacts`.`dnc5` AS `dnc5`,`tbl_contacts`.`updatedBy` AS `updatedBy`,`tbl_contacts`.`f_accountNumber` AS `f_accountNumber`,`tbl_contacts`.`createdAt` AS `createdAt`,`tbl_contacts`.`updatedAt` AS `updatedAt` from `tbl_contacts` where (`tbl_contacts`.`tenant` = substring_index(user(),'@',1)) */;
/*!50001 SET character_set_client      = @saved_cs_client */;
/*!50001 SET character_set_results     = @saved_cs_results */;
/*!50001 SET collation_connection      = @saved_col_connection */;

--
-- Final view structure for view `customers`
--

/*!50001 DROP VIEW IF EXISTS `customers`*/;
/*!50001 SET @saved_cs_client          = @@character_set_client */;
/*!50001 SET @saved_cs_results         = @@character_set_results */;
/*!50001 SET @saved_col_connection     = @@collation_connection */;
/*!50001 SET character_set_client      = utf8mb4 */;
/*!50001 SET character_set_results     = utf8mb4 */;
/*!50001 SET collation_connection      = utf8mb4_0900_ai_ci */;
/*!50001 CREATE ALGORITHM=UNDEFINED */
/*!50013 DEFINER=`root`@`localhost` SQL SECURITY DEFINER */
/*!50001 VIEW `customers` AS select `tbl_customers`.`operatorShortCode` AS `operatorShortCode`,`tbl_customers`.`customerRefNo` AS `customerRefNo`,`tbl_customers`.`customerName` AS `customerName`,`tbl_customers`.`customerEntity` AS `customerEntity`,`tbl_customers`.`regIdNumber` AS `regIdNumber`,`tbl_customers`.`customerType` AS `customerType`,`tbl_customers`.`productType` AS `productType`,`tbl_customers`.`address1` AS `address1`,`tbl_customers`.`address2` AS `address2`,`tbl_customers`.`address3` AS `address3`,`tbl_customers`.`address4` AS `address4`,`tbl_customers`.`address5` AS `address5`,`tbl_customers`.`createdBy` AS `createdBy`,`tbl_customers`.`updatedBy` AS `updatedBy`,`tbl_customers`.`closedDate` AS `closedDate`,`tbl_customers`.`closedBy` AS `closedBy`,`tbl_customers`.`regIdStatus` AS `regIdStatus`,`tbl_customers`.`f_clientId` AS `f_clientId`,`tbl_customers`.`createdAt` AS `createdAt`,`tbl_customers`.`updatedAt` AS `updatedAt` from `tbl_customers` where (`tbl_customers`.`tenant` = substring_index(user(),'@',1)) */;
/*!50001 SET character_set_client      = @saved_cs_client */;
/*!50001 SET character_set_results     = @saved_cs_results */;
/*!50001 SET collation_connection      = @saved_col_connection */;

--
-- Final view structure for view `outcomes`
--

/*!50001 DROP VIEW IF EXISTS `outcomes`*/;
/*!50001 SET @saved_cs_client          = @@character_set_client */;
/*!50001 SET @saved_cs_results         = @@character_set_results */;
/*!50001 SET @saved_col_connection     = @@collation_connection */;
/*!50001 SET character_set_client      = utf8mb4 */;
/*!50001 SET character_set_results     = utf8mb4 */;
/*!50001 SET collation_connection      = utf8mb4_0900_ai_ci */;
/*!50001 CREATE ALGORITHM=UNDEFINED */
/*!50013 DEFINER=`root`@`localhost` SQL SECURITY DEFINER */
/*!50001 VIEW `outcomes` AS select `tbl_outcomes`.`id` AS `id`,`tbl_outcomes`.`outcomeStatus` AS `outcomeStatus`,`tbl_outcomes`.`transactionType` AS `transactionType`,`tbl_outcomes`.`numberCalled` AS `numberCalled`,`tbl_outcomes`.`emailUsed` AS `emailUsed`,`tbl_outcomes`.`contactPerson` AS `contactPerson`,`tbl_outcomes`.`outcomeResolution` AS `outcomeResolution`,`tbl_outcomes`.`ptpDate` AS `ptpDate`,`tbl_outcomes`.`ptpAmount` AS `ptpAmount`,`tbl_outcomes`.`debitResubmissionDate` AS `debitResubmissionDate`,`tbl_outcomes`.`debitResubmissionAmount` AS `debitResubmissionAmount`,`tbl_outcomes`.`outcomeNotes` AS `outcomeNotes`,`tbl_outcomes`.`nextSteps` AS `nextSteps`,`tbl_outcomes`.`createdBy` AS `createdBy`,`tbl_outcomes`.`f_caseNumber` AS `f_caseNumber`,`tbl_outcomes`.`createdAt` AS `createdAt`,`tbl_outcomes`.`updatedAt` AS `updatedAt` from `tbl_outcomes` where (`tbl_outcomes`.`tenant` = substring_index(user(),'@',1)) */;
/*!50001 SET character_set_client      = @saved_cs_client */;
/*!50001 SET character_set_results     = @saved_cs_results */;
/*!50001 SET collation_connection      = @saved_col_connection */;
/*!40103 SET TIME_ZONE=@OLD_TIME_ZONE */;

/*!40101 SET SQL_MODE=@OLD_SQL_MODE */;
/*!40014 SET FOREIGN_KEY_CHECKS=@OLD_FOREIGN_KEY_CHECKS */;
/*!40014 SET UNIQUE_CHECKS=@OLD_UNIQUE_CHECKS */;
/*!40101 SET CHARACTER_SET_CLIENT=@OLD_CHARACTER_SET_CLIENT */;
/*!40101 SET CHARACTER_SET_RESULTS=@OLD_CHARACTER_SET_RESULTS */;
/*!40101 SET COLLATION_CONNECTION=@OLD_COLLATION_CONNECTION */;
/*!40111 SET SQL_NOTES=@OLD_SQL_NOTES */;

-- Dump completed on 2022-05-05 19:09:04
